#,Player,GP,Snaps/G,Rush Att,Rush Yds,Rush Y/A,Rush TD,Rec,Targets,Rec Yds,Rec Y/C,Rec TD,FPPG,FP
1,"
Christian
McCaffrey
Questionable
RB
SF
",19,51.7,337,"1,285",3.8,10,113,143,"1,029",9.1,9,18,341.4
2,"
Jonathan
Taylor
RB
IND
",17,49.1,323,"1,585",4.9,18,46,55,378,8.2,2,18.4,312.3
3,"
Jahmyr
Gibbs
Questionable
RB
DET
",17,41.9,243,"1,223",5,13,77,94,616,8,5,16.9,287.9
4,"
Bijan
Robinson
RB
ATL
",17,48.3,287,"1,478",5.1,7,79,103,820,10.4,4,16.9,287.8
5,"
James
Cook
RB
BUF
",19,37.1,348,"1,784",5.1,12,37,46,320,8.6,2,14.8,280.4
6,"
Kyren
Williams
RB
LA
",20,43.1,303,"1,435",4.7,12,44,59,351,8,5,13.8,276.6
7,"
Derrick
Henry
RB
BAL
",17,31.8,307,"1,595",5.2,16,15,21,150,10,0,15.4,262.5
8,"
De'Von
Achane
RB
MIA
",16,42.1,238,"1,350",5.7,8,67,85,488,7.3,4,15.9,253.8
9,"
Travis
Etienne
RB
JAC
",18,38.3,270,"1,174",4.3,7,41,57,341,8.3,7,13,233.5
10,"
Kenneth
Walker
RB
SEA
",20,29.3,286,"1,340",4.7,9,40,47,386,9.7,0,11.2,224.6
11,"
D'Andre
Swift
RB
CHI
",18,37.9,255,"1,217",4.8,10,36,50,337,9.4,1,12.1,217.4
12,"
Javonte
Williams
RB
DAL
",16,45.6,252,"1,201",4.8,11,35,51,137,3.9,2,13,207.8
13,"
Chase
Brown
RB
CIN
",17,41.1,232,"1,019",4.4,6,69,88,437,6.3,5,12.2,207.6
14,"
Saquon
Barkley
RB
PHI
",17,47.1,306,"1,246",4.1,7,40,56,298,7.5,2,12.1,206.4
15,"
Josh
Jacobs
Questionable
RB
GB
",16,36,253,984,3.9,13,37,47,285,7.7,1,12.7,202.9
16,"
Ashton
Jeanty
RB
LV
",17,43.4,266,975,3.7,5,55,73,346,6.3,5,11.1,188.1
17,"
Rhamondre
Stevenson
RB
NE
",18,38.2,188,820,4.4,7,44,52,471,10.7,3,10.2,183.1
18,"
TreVeyon
Henderson
RB
NE
",21,26.5,210,987,4.7,9,40,48,254,6.4,1,8.7,182.1
19,"
Jaylen
Warren
RB
PIT
",17,29.2,223,"1,001",4.5,6,41,46,337,8.2,2,10.6,179.8
20,"
Rico
Dowdle
RB
CAR
",18,32.4,241,"1,085",4.5,6,40,52,303,7.6,1,9.8,176.8
21,"
RJ
Harvey
RB
DEN
",19,28.3,165,597,3.6,7,56,70,424,7.6,5,9.1,172.1
22,"
Breece
Hall
Questionable
RB
NYJ
",16,38.3,243,"1,065",4.4,4,36,48,350,9.7,1,10.7,171.7
23,"
Zach
Charbonnet
RB
SEA
",17,28.1,189,750,4,12,20,24,144,7.2,0,9.5,161.4
24,"
Kenneth
Gainwell
RB
PIT
",18,29.1,120,557,4.6,5,77,91,512,6.6,3,8.4,150.9
25,"
Tony
Pollard
Questionable
RB
TEN
",17,36.8,242,"1,082",4.5,5,33,41,206,6.2,0,8.9,150.8
26,"
Jo'quavioius
Marks
RB
HOU
",18,35.1,229,832,3.6,3,26,40,227,8.7,3,8,143.9
27,"
Quinshon
Judkins
Questionable
RB
CLE
",14,30.8,230,827,3.6,7,26,36,171,6.6,0,10.1,141.8
28,"
David
Montgomery
RB
DET
",17,23.2,158,716,4.5,8,24,29,192,8,0,8.2,138.9
29,"
Kyle
Monangai
Questionable
RB
CHI
",19,27.4,190,846,4.5,5,23,37,222,9.7,0,7.2,136.8
30,"
Blake
Corum
RB
LA
",20,19.7,171,865,5.1,6,13,19,73,5.6,0,6.5,129.8
31,"
Jacory
Croskey-Merritt
RB
WAS
",17,22.5,175,805,4.6,8,9,13,68,7.6,0,7.5,127.3
32,"
Kareem
Hunt
RB
KC
",17,29.6,163,611,3.7,8,18,25,143,7.9,1,7.4,125.4
33,"
Tyrone
Tracy
RB
NYG
",15,34.9,176,740,4.2,2,36,47,288,8,2,8.3,124.8
34,"
Chuba
Hubbard
Questionable
RB
CAR
",16,28.3,147,557,3.8,3,32,43,236,7.4,3,7.1,113.3
35,"
Jordan
Mason
RB
MIN
",16,24.8,159,758,4.8,6,14,16,51,3.6,0,6.9,110.9
36,"
Tyler
Allgeier
RB
ATL
",17,18.6,143,514,3.6,8,14,16,96,6.9,0,6.4,109
37,"
Bucky
Irving
RB
TB
",10,39.7,173,588,3.4,1,30,35,277,9.2,3,10.9,108.5
38,"
Kimani
Vidal
RB
LAC
",14,37.4,166,674,4.1,3,18,25,156,8.7,1,7.5,105
39,"
J.K.
Dobbins
Questionable
RB
DEN
",10,32.3,153,772,5,4,11,14,37,3.4,0,10.5,104.9
40,"
Rachaad
White
Questionable
RB
TB
",17,31.7,132,572,4.3,4,40,45,218,5.5,0,6.1,103
41,"
Cam
Skattebo
RB
NYG
",8,34.4,101,410,4.1,5,24,32,207,8.6,2,12.7,101.7
42,"
Omarion
Hampton
RB
LAC
",10,36.2,125,544,4.4,4,32,35,192,6,1,10.2,101.6
43,"
Chris
Rodriguez
RB
WAS
",12,20.6,112,500,4.5,6,3,4,30,10,0,7.4,89
44,"
Devin
Singletary
RB
NYG
",17,17,119,437,3.7,5,18,19,151,8.4,0,5.2,88.8
45,"
Aaron
Jones
RB
MIN
",12,28.9,132,548,4.2,2,28,41,199,7.1,1,7.4,88.7
46,"
Bhayshul
Tuten
RB
JAC
",16,13.8,87,358,4.1,5,10,14,79,7.9,2,5.1,81.7
47,"
Nick
Chubb
RB
HOU
",17,20,136,568,4.2,3,13,21,67,5.2,0,4.8,81.5
48,"
Sean
Tucker
RB
TB
",17,10,86,320,3.7,7,8,11,34,4.3,1,4.7,79.4
49,"
Emanuel
Wilson
Questionable
RB
GB
",18,17.9,126,499,4,3,15,17,99,6.6,0,4.2,75.8
50,"
Ty
Johnson
Questionable
RB
BUF
",18,17.6,50,200,4,3,24,33,263,11,2,4.1,74.3
51,"
Zonovan
Knight
RB
ARI
",12,22.3,82,269,3.3,4,22,31,160,7.3,1,5.9,70.9
52,"
Isiah
Pacheco
Questionable
RB
KC
",13,31.2,118,462,3.9,1,19,26,101,5.3,1,5.3,68.3
53,"
Alvin
Kamara
Questionable
RB
NO
",11,39.7,131,471,3.6,1,33,39,186,5.6,0,6.2,67.7
54,"
Tyjae
Spears
Questionable
RB
TEN
",13,27.2,72,283,3.9,2,45,50,264,5.9,0,5.1,66.7
55,"
Michael
Carter
RB
ARI
",13,28.8,92,333,3.6,1,33,45,267,8.1,0,5.1,66
56,"
Samaje
Perine
RB
CIN
",15,22.1,84,382,4.5,3,17,21,87,5.1,0,3.9,58.9
57,"
Ray
Davis
RB
BUF
",19,10.8,58,275,4.7,0,12,15,119,9.9,2,2.9,55.4
58,"
Brian
Robinson
RB
SF
",19,10.7,95,404,4.3,2,9,13,28,3.1,0,2.9,55.2
59,"
Dylan
Sampson
RB
CLE
",15,15.8,65,175,2.7,0,33,40,271,8.2,2,3.6,54.6
60,"
Tank
Bigsby
Questionable
RB
PHI
",16,8.8,67,375,5.6,2,3,4,32,10.7,0,3.3,52.7
61,"
Isaiah
Davis
Questionable
RB
NYJ
",16,17.2,43,236,5.5,1,21,28,186,8.9,0,3,48.2
62,"
Ollie
Gordon
RB
MIA
",17,12.7,70,199,2.8,3,7,9,32,4.6,1,2.8,47.1
63,"
Jeremy
McNichols
Questionable
RB
WAS
",16,18.3,44,221,5,1,25,31,196,7.8,0,2.9,45.7
64,"
Emari
Demercado
RB
ARI
",12,15.6,44,312,7.1,0,13,20,101,7.8,1,3.8,45.3
65,"
Keaton
Mitchell
RB
BAL
",13,9.6,59,341,5.8,1,9,12,63,7,0,3.4,44.4
66,"
Devin
Neal
Questionable
RB
NO
",10,25.4,57,206,3.6,2,17,19,104,6.1,0,4.3,43
67,"
Justice
Hill
RB
BAL
",10,20.6,18,93,5.2,2,21,27,169,8,1,4.2,42.2
68,"
Jaylen
Wright
RB
MIA
",9,12.6,70,288,4.1,2,5,9,44,8.8,0,4.6,41.2
69,"
Malik
Davis
RB
DAL
",10,14.7,52,250,4.8,2,2,5,16,8,0,3.9,38.6
70,"
Brashard
Smith
RB
KC
",17,10.6,44,151,3.4,0,25,35,172,6.9,1,2.1,36.3
71,"
Audric
Estime
Questionable
RB
NO
",5,34.6,46,198,4.3,1,12,13,103,8.6,0,7.2,36.1
72,"
Jaleel
McLaughlin
RB
DEN
",10,10.3,45,219,4.9,1,5,9,29,5.8,0,3.1,30.8
73,"
Kendre
Miller
Questionable
RB
NO
",7,15.3,47,193,4.1,1,5,5,30,6,0,4,28.3
74,"
James
Conner
Questionable
RB
ARI
",3,27.7,32,95,3,1,8,9,38,4.8,1,7.8,23.3
75,"
Zavier
Scott
RB
MIN
",11,9.1,32,114,3.6,0,14,16,98,7,1,2.1,23.2
76,"
George
Holani
RB
SEA
",12,6.9,27,83,3.1,1,6,7,49,8.2,0,1.9,23.2
77,"
Jaret
Patterson
RB
LAC
",7,15.7,41,159,3.9,1,3,4,8,2.7,0,3.2,22.7
78,"
Jawhar
Jordan
Questionable
RB
HOU
",4,19,43,193,4.5,0,7,7,34,4.9,0,5.7,22.7
79,"
Chris
Brooks
RB
GB
",18,12.1,28,122,4.4,0,14,18,102,7.3,0,1.2,22.4
80,"
Trey
Benson
Questionable
RB
ARI
",5,23.4,29,160,5.5,0,13,16,64,4.9,0,4.5,22.4
81,"
Ameer
Abdullah
RB
IND
",13,6.5,14,60,4.3,1,16,17,99,6.2,0,1.5,19.9
82,"
Antonio
Gibson
Questionable
RB
NE
",5,10.2,25,106,4.2,1,2,3,6,3,0,3.8,19.2
83,"
Miles
Sanders
Questionable
RB
DAL
",4,14.5,20,117,5.9,1,8,8,30,3.8,0,4.7,18.7
84,"
Jerome
Ford
IR
RB
CLE
",13,19.3,24,73,3,0,26,32,103,4,0,1.4,17.6
85,"
Tyler
Badie
RB
DEN
",18,11.7,9,27,3,0,20,33,148,7.4,0,1,17.5
86,"
Raheem
Mostert
Questionable
RB
LV
",12,10.8,22,104,4.7,0,12,12,70,5.8,0,1.5,17.4
87,"
Jaydon
Blue
Questionable
RB
DAL
",5,15,38,129,3.4,1,1,1,5,5,0,3.5,17.4
88,"
Raheim
Sanders
RB
CLE
",4,14.3,27,92,3.4,1,3,4,21,7,0,4.3,17.3
89,"
LeQuint
Allen
Questionable
RB
JAC
",17,14.4,24,97,4,0,11,12,63,5.7,0,0.9,16
90,"
Rasheen
Ali
Questionable
RB
BAL
",15,7.5,7,24,3.4,0,9,11,68,7.6,1,1,15.2
91,"
Terrell
Jennings
Questionable
RB
NE
",6,6.3,23,73,3.2,1,1,1,9,9,0,2.4,14.2
92,"
Dare
Ogunbowale
RB
HOU
",14,8.1,11,25,2.3,1,10,13,76,7.6,0,1,14.1
93,"
Braelon
Allen
RB
NYJ
",4,13.5,18,76,4.2,1,2,3,17,8.5,0,3.3,13.3
94,"
Kene
Nwangwu
RB
NYJ
",10,2.7,13,49,3.8,0,0,1,0,-,0,1.1,10.9
95,"
Brittain
Brown
RB
CHI
",2,7.5,5,37,7.4,1,0,1,0,-,0,4.9,9.7
96,"
DJ
Giddens
Questionable
RB
IND
",5,11.6,26,96,3.7,0,0,2,0,-,0,1.9,9.6
97,"
Will
Shipley
RB
PHI
",15,7.1,14,49,3.5,0,10,13,62,6.2,0,0.6,9.1
98,"
Trayveon
Williams
RB
CLE
",6,13,10,36,3.6,0,8,9,55,6.9,0,1.5,9.1
99,"
Phil
Mafah
Questionable
RB
DAL
",1,10,5,18,3.6,1,2,2,11,5.5,0,8.9,8.9
100,"
Najee
Harris
Questionable
RB
LAC
",3,13.7,15,61,4.1,0,3,3,25,8.3,0,2.9,8.6