Name,Pos,"Team",Games,Tar,Rec,Rec Yds,Air Yds,YAC,TD,ADOT,RACR,Air %,Tar %,WOPR,Standard
Chris Olave,WR,,16,156,100,1163,1841,289,9,11.8013,0.6317,49.72%,32.77%,83.96%,10.5
Jaxon Smith-Njigba,WR,,17,163,119,1793,1833,528,10,11.2454,0.9782,41.57%,31.35%,76.12%,14.2882
Alec Pierce,WR,,15,84,47,1003,1593,174,6,18.9643,0.6296,39.68%,16.37%,52.33%,9.0867
Emeka Egbuka,WR,,17,127,63,938,1572,335,6,12.378,0.5967,36.25%,23.52%,60.66%,7.6882
Ja'Marr Chase,WR,,16,185,125,1412,1570,640,8,8.4865,0.8994,34.42%,30.48%,69.81%,11.9125
Puka Nacua,WR,,16,166,129,1715,1566,666,10,9.4337,1.0951,29.57%,28.57%,63.56%,15.5
George Pickens,WR,,17,137,93,1429,1547,479,9,11.292,0.9237,31.39%,23.14%,56.69%,11.5824
Courtland Sutton,WR,,17,124,74,1017,1542,222,7,12.4355,0.6595,34.44%,21.34%,56.12%,8.4529
Nico Collins,WR,,15,120,71,1117,1529,324,6,12.7417,0.7305,33.41%,21.82%,56.12%,10.3467
Michael Wilson,WR,,17,126,78,1006,1502,273,7,11.9206,0.6698,33.46%,20.29%,53.86%,8.3882
Davante Adams,WR,,14,114,60,789,1444,117,14,12.6667,0.5464,27.27%,19.62%,48.52%,11.6357
Justin Jefferson,WR,,17,141,84,1048,1438,451,2,10.1986,0.7288,40.18%,31.47%,75.33%,6.9118
A.J. Brown,WR,,15,121,78,1003,1425,268,7,11.7769,0.7039,33.88%,26.3%,63.17%,9.4867
Tetairoa McMillan,WR,,17,122,70,1013,1410,268,7,11.5574,0.7184,43.26%,25.42%,68.41%,8.4294
CeeDee Lamb,WR,,13,117,75,1077,1403,323,3,11.9915,0.7676,28.47%,19.76%,49.57%,9.6846
Amon-Ra St. Brown,WR,,17,172,117,1412,1390,570,11,8.0814,1.0158,37.84%,31.27%,73.4%,12.2412
DeVonta Smith,WR,,17,113,77,1008,1355,293,4,11.9912,0.7439,32.22%,24.57%,59.4%,7.3412
Troy Franklin,WR,,17,104,65,709,1321,282,6,12.7019,0.5367,29.51%,17.9%,47.5%,6.3588
Brian Thomas Jr.,WR,,14,91,48,707,1315,159,2,14.4505,0.5376,24.74%,15.27%,40.22%,6.4857
Tee Higgins,WR,,15,98,59,869,1314,166,11,13.4082,0.6613,28.81%,16.14%,44.38%,10.1933
Jaylen Waddle,WR,,16,100,64,910,1306,228,6,13.06,0.6968,40.07%,22.17%,61.31%,8.1325
Jameson Williams,WR,,17,102,65,1109,1289,433,7,12.6373,0.8604,35.09%,18.55%,52.38%,9.0647
Jerry Jeudy,WR,,17,106,50,602,1288,166,2,12.1509,0.4674,35.66%,20.23%,55.3%,4.2765
Rome Odunze,WR,,12,90,44,672,1252,214,6,13.9111,0.5367,27.6%,16.92%,44.7%,8.6
Drake London,WR,,12,112,68,919,1221,229,7,10.9018,0.7527,29.75%,22.22%,54.16%,11.1583
Zay Flowers,WR,,17,118,86,1211,1204,458,5,10.2034,1.0058,35.77%,29.28%,68.96%,9.6059
Wan'Dale Robinson,WR,,16,140,92,1014,1187,386,4,8.4786,0.8543,27.96%,27.61%,60.99%,7.8688
Parker Washington,WR,,15,95,58,847,1187,265,5,12.4947,0.7136,22.33%,15.94%,39.54%,7.6467
Elic Ayomanor,WR,,16,89,41,515,1126,115,4,12.6517,0.4574,29.93%,17.52%,47.23%,4.7188
Adonai Mitchell,WR,,16,74,33,453,1102,80,2,14.8919,0.4111,32.03%,15.35%,45.45%,3.5562
Romeo Doubs,WR,,16,85,55,724,1085,163,6,12.7647,0.6673,28.07%,19.02%,48.17%,6.775
Jordan Addison,WR,,14,79,42,610,1083,139,3,13.7089,0.5633,30.26%,17.63%,47.63%,6.65
Rashid Shaheed,WR,,18,92,59,687,1053,177,2,11.4457,0.6524,23.88%,17.69%,43.26%,4.8667
Ladd McConkey,WR,,16,106,66,789,1046,310,6,9.8679,0.7543,23.76%,19.7%,46.18%,7.1812
DK Metcalf,WR,,15,99,59,850,1044,414,6,10.5455,0.8142,30.71%,18.1%,48.65%,8.5467
Keenan Allen,WR,,17,122,81,777,1027,231,4,8.418,0.7566,23.33%,22.68%,50.34%,5.9824
Darnell Mooney,WR,,15,72,32,443,1019,73,1,14.1528,0.4347,24.83%,14.29%,38.81%,3.3533
Jakobi Meyers,WR,,16,110,75,835,1008,282,3,9.1636,0.8284,18.97%,18.46%,40.96%,6.425
Tyquan Thornton,WR,,11,37,19,438,995,59,3,26.8919,0.4402,23.17%,6.73%,26.31%,5.6182
Quentin Johnston,WR,,13,84,51,735,989,221,8,11.7738,0.7432,22.46%,15.61%,39.14%,9.4
DJ Moore,WR,,17,85,50,667,988,207,6,11.6235,0.6751,21.78%,15.98%,39.21%,7.0988
Christian Watson,WR,,10,55,35,611,977,118,6,17.7636,0.6254,25.27%,12.3%,36.15%,9.74
Marvin Harrison Jr.,WR,,12,73,41,608,946,119,4,12.9589,0.6427,21.07%,11.76%,32.38%,7.0667
Xavier Worthy,WR,,14,73,42,532,944,193,1,12.9315,0.5636,21.98%,13.27%,35.3%,4.85
Tre Tucker,WR,,17,92,57,696,935,291,5,10.163,0.7444,32.01%,19.78%,52.08%,6.1588
Michael Pittman,WR,,17,111,80,800,907,268,7,8.1712,0.882,22.59%,21.64%,48.27%,7.1765
Jauan Jennings,WR,,15,90,55,643,905,181,9,10.0556,0.7105,23.04%,17.54%,42.44%,7.8867
Stefon Diggs,WR,,17,102,85,1013,871,354,4,8.5392,1.163,19.47%,21.25%,45.51%,7.3706
Mack Hollins,WR,,14,65,46,550,851,108,2,13.0923,0.6463,19.03%,13.54%,33.63%,4.8143
Darius Slayton,WR,,14,63,37,538,843,198,1,13.381,0.6382,19.86%,12.43%,32.54%,4.2714
Terry McLaurin,WR,,10,60,38,582,839,93,3,13.9833,0.6937,22.37%,13.89%,36.49%,7.62
Jayden Higgins,WR,,17,68,41,525,839,123,6,12.3382,0.6257,18.33%,12.36%,31.38%,5.2059
Marquise Brown,WR,,16,74,49,587,836,190,5,11.2973,0.7022,19.47%,13.45%,33.81%,5.5438
Mike Evans,WR,,8,62,30,368,824,37,3,13.2903,0.4466,19%,11.48%,30.52%,6.85
Kayshon Boutte,WR,,14,46,33,551,781,38,6,16.9783,0.7055,17.46%,9.58%,26.6%,6.5071
Isaiah Bond,WR,,15,44,18,317,751,58,0,17.0682,0.4221,20.79%,8.4%,27.15%,2.3067
Ricky Pearsall,WR,,9,53,36,548,748,74,0,14.1132,0.7326,19.04%,10.33%,28.83%,6.0667
Josh Downs,WR,,16,88,58,547,659,137,4,7.4886,0.83,16.41%,17.15%,37.22%,4.9063
Keon Coleman,WR,,12,59,38,415,659,88,4,11.1695,0.6297,17.81%,11.75%,30.09%,5.4583
Jalen Nailor,WR,,17,53,29,444,656,112,4,12.3774,0.6768,18.33%,11.83%,30.58%,4.1
Xavier Legette,WR,,15,64,35,363,633,75,3,9.8906,0.5735,19.42%,13.33%,33.6%,3.62
Van Jefferson,WR,,14,52,29,350,623,83,1,11.9808,0.5618,16.56%,10.24%,26.95%,2.9286
Andrei Iosivas,WR,,15,58,33,435,606,103,2,10.4483,0.7178,13.29%,9.56%,23.63%,3.7933
Calvin Austin III,WR,,14,55,31,372,605,128,3,11,0.6149,17.8%,10.05%,27.54%,3.9429
Chimere Dike,WR,,17,74,48,423,599,220,4,8.0946,0.7062,15.92%,14.57%,33%,4.0059
Xavier Hutchinson,WR,,16,57,35,428,584,146,3,10.2456,0.7329,12.76%,10.36%,24.48%,3.9375
Kendrick Bourne,WR,,14,53,37,551,584,165,0,11.0189,0.9435,14.87%,10.33%,25.9%,3.9357
Jahan Dotson,WR,,14,36,18,262,555,50,1,15.4167,0.4721,13.2%,7.83%,20.98%,2.3
Malik Nabers,WR,,4,35,18,271,555,52,2,15.8571,0.4883,13.07%,6.9%,19.51%,9.775
Matthew Golden,WR,,14,44,29,361,552,101,0,12.5455,0.654,14.28%,9.84%,24.76%,2.9286
Garrett Wilson,WR,,7,59,36,389,535,100,4,9.0678,0.7271,15.55%,12.24%,29.24%,8.9857
Deebo Samuel Sr.,WR,,16,99,72,727,527,466,5,5.3232,1.3795,14.05%,22.92%,44.21%,7.2625
Cooper Kupp,WR,,16,70,47,593,525,293,2,7.5,1.1295,11.91%,13.46%,28.53%,4.3312
Dyami Brown,WR,,11,37,20,227,518,31,1,14,0.4382,9.75%,6.21%,16.13%,2.8818
Dontayvion Wicks,WR,,13,46,30,332,517,67,2,11.2391,0.6422,13.37%,10.29%,24.8%,3.5231
Tez Johnson,WR,,15,44,28,322,516,110,5,11.7273,0.624,11.9%,8.15%,20.55%,4.2933
Brandin Cooks,WR,,13,36,24,279,516,43,0,14.3333,0.5407,13.94%,7.17%,20.52%,2.1462
DeAndre Hopkins,WR,,17,39,22,330,513,65,2,13.1538,0.6433,15.24%,9.68%,25.18%,2.6471
Dont'e Thornton Jr.,WR,,11,30,10,135,497,38,0,16.5667,0.2716,17.01%,6.45%,21.59%,1.2273
Marvin Mims Jr.,WR,,15,51,37,322,478,231,1,9.3725,0.6736,10.68%,8.78%,20.64%,3.4667
Demarcus Robinson,WR,,14,35,22,276,472,36,1,13.4857,0.5847,12.02%,6.82%,18.65%,2.4429
Rashod Bateman,WR,,13,38,19,224,468,39,2,12.3158,0.4786,13.9%,9.43%,23.88%,2.6462
Ryan Flournoy,WR,,13,56,40,475,466,204,4,8.3214,1.0193,9.46%,9.46%,20.81%,5.6923
Cedric Tillman,WR,,12,39,21,270,463,62,2,11.8718,0.5832,12.82%,7.44%,20.14%,3.25
Olamide Zaccheaus,WR,,14,65,39,313,462,138,2,7.1077,0.6775,10.19%,12.22%,25.46%,3.2714
Luther Burden III,WR,,15,60,47,656,460,334,2,7.6667,1.4261,10.14%,11.28%,24.02%,5.42
Sterling Shepard,WR,,13,53,39,371,453,149,1,8.5472,0.819,10.45%,9.81%,22.04%,3.4615
Calvin Ridley,WR,,7,36,17,303,453,84,0,12.5833,0.6689,12.04%,7.09%,19.06%,4.3286
DeMario Douglas,WR,,16,46,31,447,445,214,3,9.6739,1.0045,9.95%,9.58%,21.34%,4.05
Jalen Coker,WR,,11,43,33,395,435,102,3,10.1163,0.908,13.35%,8.96%,22.78%,5.2273
Devaughn Vele,WR,,9,39,25,293,432,34,2,11.0769,0.6782,11.67%,8.19%,20.46%,4.5889
Jaylin Lane,WR,,13,32,16,225,427,39,0,13.3438,0.5269,11.39%,7.41%,19.08%,1.7846
Tyler Lockett,WR,,17,55,32,291,426,79,1,7.7455,0.6831,14.58%,11.83%,27.95%,2.0647
Josh Palmer,WR,,12,37,22,336,424,54,0,11.4595,0.7925,11.46%,7.37%,19.08%,2.8
Pat Bryant,WR,,12,49,31,378,410,147,1,8.3673,0.922,9.16%,8.43%,19.06%,3.65
Jalen Tolbert,WR,,11,34,18,203,408,46,1,12,0.4975,8.28%,5.74%,14.41%,2.3909
Xavier Smith,WR,,10,24,18,303,405,107,0,16.875,0.7481,7.65%,4.13%,11.55%,3.03
David Sills,WR,,12,36,18,191,404,56,2,11.2222,0.4728,9.84%,7.14%,17.61%,2.5917
Kyle Williams,WR,,13,21,10,209,400,79,3,19.0476,0.5225,8.94%,4.38%,12.82%,3.0154
Tyreek Hill,WR,,4,29,21,265,399,57,1,13.7586,0.6642,12.24%,6.43%,18.22%,8.125
Tre Harris,WR,,16,43,30,324,398,139,1,9.2558,0.8141,9.04%,7.99%,18.32%,2.4625
Christian Kirk,WR,,11,52,28,239,365,115,1,7.0192,0.6548,7.98%,9.45%,19.77%,2.7182
Chris Godwin Jr.,WR,,9,51,33,360,361,206,2,7.0784,0.9972,8.33%,9.44%,19.99%,5.3333
Travis Hunter,WR,,7,45,28,298,354,140,1,7.8667,0.8418,6.66%,7.55%,15.99%,5.1143
Mitchell Tinsley,WR,,8,24,8,116,354,16,2,14.75,0.3277,7.76%,3.95%,11.36%,2.95
Marquez Valdes-Scantling,WR,,9,29,14,120,354,28,1,12.2069,0.339,10.41%,5.3%,15.24%,2
Isaac TeSlaa,WR,,14,27,16,239,352,55,6,13.037,0.679,9.58%,4.91%,14.07%,4.2786
Khalil Shakir,WR,,16,95,72,686,349,508,4,3.6737,1.9656,9.43%,18.92%,34.99%,5.8187
KaVontae Turpin,WR,,15,38,26,396,339,214,2,8.9211,1.1681,6.88%,6.42%,14.44%,4.0333
Rashee Rice,WR,,8,78,53,571,338,414,5,4.3333,1.6893,7.87%,14.18%,26.78%,11.8875
Malik Washington,WR,,17,65,46,324,337,253,3,5.1846,0.9614,10.34%,14.41%,28.86%,3.9647
Tory Horton,WR,,7,22,13,161,337,33,5,15.3182,0.4777,7.64%,4.23%,11.7%,6.5857
Chris Moore,WR,,8,23,11,207,332,53,1,14.4348,0.6235,8.85%,5.32%,14.18%,3.45
Jaylin Noel,WR,,14,35,26,292,327,99,2,9.3429,0.893,7.15%,6.36%,14.55%,3.0286
Adam Thielen,WR,,14,35,19,186,306,44,0,8.7429,0.6078,9%,6.4%,15.9%,1.3286
Tutu Atwell,WR,,8,15,6,192,302,67,1,20.1333,0.6358,5.7%,2.58%,7.86%,3.15
Tyrell Shavers,WR,,10,23,15,266,298,64,1,12.9565,0.8926,8.05%,4.58%,12.51%,3.26
Konata Mumpfield,WR,,9,23,10,92,296,25,1,12.8696,0.3108,5.59%,3.96%,9.85%,1.6889
Treylon Burks,WR,,8,22,10,130,296,34,1,13.4545,0.4392,7.89%,5.09%,13.16%,2.375
Jalin Hyatt,WR,,5,14,5,35,280,2,0,20,0.125,6.6%,2.76%,8.76%,0.7
Roman Wilson,WR,,9,21,12,166,277,66,2,13.1905,0.5993,8.15%,3.84%,11.46%,3.1778
Lil'Jordan Humphrey,WR,,7,25,13,156,277,29,1,11.08,0.5632,6.19%,4.3%,10.79%,3.0857
Josh Reynolds,WR,,5,21,11,101,276,14,0,13.1429,0.3659,8.02%,4.36%,12.15%,2.02
John Metchie III,WR,,12,48,33,274,268,140,2,5.5833,1.0224,7.79%,9.96%,20.39%,3.2417
Casey Washington,WR,,5,14,6,94,262,12,0,18.7143,0.3588,6.38%,2.78%,8.64%,1.88
Tim Patrick,WR,,13,24,15,187,258,54,3,10.75,0.7248,4.85%,4.03%,9.44%,2.8231
JuJu Smith-Schuster,WR,,16,45,33,345,244,191,1,5.4222,1.4139,5.68%,8.18%,16.25%,2.5313
Zay Jones,WR,,6,18,12,183,241,36,0,13.3889,0.7593,5.37%,2.9%,8.11%,3.05
Jack Bech,WR,,12,29,20,224,240,68,0,8.2759,0.9333,8.22%,6.24%,15.11%,1.8667
Luke McCaffrey,WR,,7,15,11,203,218,69,3,14.5333,0.9312,5.81%,3.47%,9.28%,5.4714
Arian Smith,WR,,12,16,7,52,216,33,0,13.5,0.2407,6.28%,3.32%,9.37%,0.5417
KeAndre Lambert-Smith,WR,,7,12,5,51,211,21,1,17.5833,0.2417,4.79%,2.23%,6.7%,1.5857
Tyler Johnson,WR,,9,18,12,197,210,64,1,11.6667,0.9381,6.1%,3.73%,9.87%,2.8556
Isaiah Hodgins,WR,,6,19,10,115,207,17,1,10.8947,0.5556,4.88%,3.75%,9.03%,2.9167
Devontez Walker,WR,,5,8,6,136,196,23,3,24.5,0.6939,5.82%,1.99%,7.05%,6.32
Hunter Renfrow,WR,,6,26,15,89,194,24,2,7.4615,0.4588,5.95%,5.42%,12.29%,3.4833
Xavier Weaver,WR,,6,13,7,67,192,20,0,14.7692,0.349,4.28%,2.09%,6.13%,1.1167
Kevin Austin Jr.,WR,,5,23,13,140,191,56,1,8.3043,0.733,5.16%,4.83%,10.86%,4
Jayden Reed,WR,,5,22,19,207,179,85,1,8.1364,1.1564,4.63%,4.92%,10.62%,5.9
Jalen McMillan,WR,,4,15,12,178,179,59,0,11.9333,0.9944,4.13%,2.78%,7.06%,4.475
James Proche,WR,,6,12,6,65,175,2,0,14.5833,0.3714,4.65%,2.36%,6.8%,1.0833
Jordan Whittington,WR,,13,25,18,171,171,88,0,6.84,1,3.23%,4.3%,8.71%,1.4077
Kalif Raymond,WR,,12,30,24,289,169,157,1,5.6333,1.7101,4.6%,5.45%,11.4%,3.0667
Gabe Davis,WR,,6,18,12,129,159,30,1,8.8333,0.8113,4.3%,3.59%,8.39%,3.15
Ashton Dulin,WR,,7,10,5,106,158,53,0,15.8,0.6709,3.94%,1.95%,5.68%,2.1429
Brycen Tremayne,WR,,8,18,14,160,157,58,0,8.7222,1.0191,4.82%,3.75%,9%,2
KhaDarel Hodge,WR,,3,10,3,31,150,9,0,15,0.2067,3.65%,1.98%,5.53%,1.0333
Mason Tipton,WR,,6,17,11,76,149,37,0,8.7647,0.5101,4.02%,3.57%,8.17%,1.5667
Noah Brown,WR,,4,10,5,83,145,11,0,14.5,0.5724,3.87%,2.31%,6.18%,2.075
Curtis Samuel,WR,,5,9,7,81,145,27,1,16.1111,0.5586,3.92%,1.79%,5.43%,2.82
Elijah Moore,WR,,9,17,9,112,142,58,0,8.3529,0.7887,3.84%,3.39%,7.77%,2.1778
Allen Lazard,WR,,9,18,10,70,142,33,1,7.8889,0.493,4.13%,3.73%,8.49%,1.4444
Theo Wease Jr.,WR,,3,10,6,139,137,63,1,13.7,1.0146,4.2%,2.22%,6.27%,6.6333
Robbie Chosen,WR,,3,9,5,53,131,5,0,14.5556,0.4046,3.49%,2.08%,5.57%,1.7667
Gunner Olszewski,WR,,5,13,10,145,130,74,1,10,1.1154,3.06%,2.56%,5.99%,5.164
Austin Trammell,WR,,5,10,3,46,130,2,0,13,0.3538,2.45%,1.68%,4.23%,0.92
Jahdae Walker,WR,,3,10,6,87,130,8,2,13,0.6692,2.87%,1.88%,4.83%,6.9
Gage Larvadain,WR,,7,14,7,71,125,28,0,8.9286,0.568,3.46%,2.67%,6.43%,1.0571
Tahj Washington,WR,,2,5,3,37,124,8,0,24.8,0.2984,3.8%,1.11%,4.33%,1.85
Isaiah Williams,WR,,9,36,26,193,122,119,0,3.3889,1.582,3.55%,7.47%,13.69%,2.5222
Tanner Conner,WR,,7,15,9,91,119,39,0,7.9333,0.7647,3.65%,3.33%,7.54%,1.3
Nick Westbrook-Ikhine,WR,,9,20,11,89,110,28,0,5.5,0.8091,3.38%,4.43%,9.01%,0.9889
Skyy Moore,WR,,9,7,5,87,110,29,0,15.7143,0.7909,2.8%,1.36%,4.01%,1.0889
Darius Cooper,WR,,5,11,9,92,109,22,0,9.9091,0.844,2.59%,2.39%,5.4%,1.84
Tylan Wallace,WR,,6,8,4,45,107,17,1,13.375,0.4206,3.18%,1.99%,5.2%,1.75
Dante Pettis,WR,,4,11,9,127,105,86,0,9.5455,1.2095,2.84%,2.31%,5.45%,3.175
Jamari Thrash,WR,,8,15,10,107,102,39,0,6.8,1.049,2.82%,2.86%,6.27%,1.3375
Dee Eskridge,WR,,5,7,4,62,98,9,0,14,0.6327,3.01%,1.55%,4.43%,1.24
Jonathan Mingo,WR,,5,5,1,25,97,4,0,19.4,0.2577,1.97%,0.84%,2.64%,0.5
Mason Kinsey,WR,,2,4,2,48,92,3,0,23,0.5217,2.45%,0.79%,2.89%,2.4
Jimmy Horn Jr.,WR,,10,15,11,108,90,71,0,6,1.2,2.76%,3.13%,6.62%,1.77
Kameron Johnson,WR,,5,7,4,64,88,20,1,12.5714,0.7273,2.03%,1.3%,3.37%,2.74
Dylan Drummond,WR,,3,11,7,42,85,14,0,7.7273,0.4941,2.07%,2.18%,4.72%,1.4
Ray-Ray McCloud,WR,,5,15,7,69,84,46,0,5.6,0.8214,1.98%,2.96%,5.82%,1.38
Shedrick Jackson,WR,,3,5,4,56,81,4,1,16.2,0.6914,2.77%,1.08%,3.55%,3.9667
Cedrick Wilson Jr.,WR,,6,9,5,44,79,25,0,8.7778,0.557,2.42%,2%,4.69%,0.7333
Ronnie Bell,WR,,1,4,2,23,78,1,1,19.5,0.2949,2.11%,0.84%,2.73%,8.3
Xavier Restrepo,WR,,2,7,3,41,77,9,0,11,0.5325,2.05%,1.38%,3.5%,2.05
Devin Duvernay,WR,,3,5,2,26,75,0,0,15,0.3467,1.65%,0.94%,2.57%,0.8667
Scott Miller,WR,,5,14,9,62,74,31,0,5.2857,0.8378,2.18%,2.56%,5.36%,1.24
Beaux Collins,WR,,3,6,2,25,73,6,0,12.1667,0.3425,1.72%,1.18%,2.98%,0.8333
Ryan Miller,WR,,4,4,2,34,70,0,1,17.5,0.4857,1.61%,0.74%,2.24%,2.35
Jalen Brooks,WR,,2,6,3,51,68,19,0,11.3333,0.75,1.51%,0.97%,2.51%,2.55
Malik Heath,WR,,5,7,6,86,65,29,0,9.2857,1.3231,1.68%,1.57%,3.53%,1.72
Ben Skowronek,WR,,6,6,4,69,61,23,1,10.1667,1.1311,1.79%,1.1%,2.9%,2.15
Greg Dortch,WR,,12,33,29,206,58,194,3,1.7576,3.5517,1.29%,5.31%,8.88%,3.8417
Dareke Young,WR,,3,3,2,48,57,0,0,19,0.8421,1.29%,0.58%,1.77%,1.6
Mecole Hardman,WR,,1,1,0,0,46,0,0,46,0,1.24%,0.2%,1.17%,0
Trent Sherfield,WR,,4,5,3,21,45,14,0,9,0.4667,1%,0.81%,1.91%,0.525
Jordan Watkins,WR,,2,3,2,26,43,1,0,14.3333,0.6047,1.09%,0.58%,1.64%,1.3
Charlie Jones,WR,,1,1,0,0,42,0,0,42,0,0.92%,0.16%,0.89%,0
Cody White,WR,,3,4,3,90,39,58,1,9.75,2.3077,0.88%,0.77%,1.77%,5
Efton Chism III,WR,,2,3,3,75,35,40,1,11.6667,2.1429,0.78%,0.63%,1.49%,6.75
Derius Davis,WR,,5,3,2,10,33,8,0,11,0.303,0.75%,0.56%,1.36%,0.3
Justin Watson,WR,,2,4,3,30,33,14,0,8.25,0.9091,0.72%,0.73%,1.6%,1.5
Tom Kennedy,WR,,1,4,4,36,32,4,0,8,1.125,0.87%,0.73%,1.7%,3.6
Samori Toure,WR,,1,3,1,3,30,0,0,10,0.1,0.81%,0.63%,1.51%,0.3
Braxton Berrios,WR,,2,8,6,37,24,18,0,3,1.5417,0.52%,1.45%,2.55%,1.85
Michael Bandy,WR,,3,4,4,50,24,26,1,6,2.0833,0.54%,0.69%,1.41%,3.6667
Jalen Royals,WR,,1,3,2,4,22,4,0,7.3333,0.1818,0.51%,0.55%,1.18%,0.4
Nikko Remigio,WR,,2,1,1,21,18,3,0,18,1.1667,0.42%,0.18%,0.57%,1.6
Tay Martin,WR,,2,2,2,23,18,5,0,9,1.2778,0.48%,0.46%,1.03%,1.15
Savion Williams,WR,,11,10,10,78,17,61,1,1.7,4.5882,0.44%,2.24%,3.66%,1.5909
Jared Wayne,WR,,1,2,2,20,17,3,0,8.5,1.1765,0.37%,0.36%,0.81%,2
Jakobie Keeney-James,WR,,1,2,2,15,15,0,0,7.5,1,0.39%,0.45%,0.94%,1.5
Alex Bachman,WR,,3,3,2,12,14,2,0,4.6667,0.8571,0.48%,0.65%,1.3%,0.4
Jake Bobo,WR,,2,2,2,20,14,6,0,7,1.4286,0.32%,0.38%,0.8%,1
Tai Felton,WR,,3,3,3,25,11,14,0,3.6667,2.2727,0.31%,0.67%,1.22%,0.8333
Jason Brownlee,WR,,1,1,0,0,9,0,0,9,0,0.21%,0.18%,0.42%,0
Britain Covey,WR,,1,4,2,20,8,20,0,2,2.5,0.19%,0.87%,1.44%,2
Andre Baccellia,WR,,2,4,2,8,7,7,0,1.75,1.1429,0.16%,0.64%,1.08%,0.4
Deven Thompkins,WR,,2,3,3,27,7,20,0,2.3333,3.8571,0.17%,0.6%,1.01%,1.6
Bryce Oliver,WR,,1,1,1,8,6,2,0,6,1.3333,0.16%,0.2%,0.41%,0.8
David Moore,WR,,2,1,1,5,5,0,0,5,1,0.15%,0.21%,0.42%,0.85
Ke'Shawn Williams,WR,,3,1,1,5,5,0,0,,,,,,