#,Player,Position,Team,ESPN,Sleeper,Yahoo,CBS,RTSports,Underdog,Guillotine,FFPC,NFFC,SuperFlex
1,Jahmyr Gibbs,RB,DET,1.60 (0.20),1.60,1.60 (0.10),,1.24 (0.22),1.10,1.26,1.26 (-0.03),1.59 (0.02),1.45 (-0.02)
2,Bijan Robinson,RB,ATL,2.60 (0.10),1.80,1.80 (-0.10),,1.81 (-0.23),2.00,1.88 (0.04),2.17 (0.05),1.64 (-0.01),2.75 (0.04)
3,Ja'Marr Chase,WR,CIN,4.70 (-0.10),3.40,3.30 (-0.10),,3.14 (0.21),3.10,3.37 (-0.07),3.57 (-0.04),3.21,4.44 (-0.12)
4,Puka Nacua,WR,LA,3.80 (-0.10),4.90,4.50,,4.12 (0.03),4.10 (-0.10),4.08 (-0.11),4.48 (0.03),4.44 (0.01),5.62 (-0.24)
5,Christian McCaffrey,RB,SF,6.60 (-0.20),5.00,5.50,,5.50 (-0.38),6.20 (-0.10),5.58 (0.24),6.81 (-0.28),6.63 (-0.04),8.60 (-0.40)
6,Jaxon Smith-Njigba,WR,SEA,5.80,5.40,6.40 (-0.30),,6.07 (0.12),5.60 (-0.10),6.03 (-0.31),7.80 (-0.19),5.82 (-0.06),10.33 (0.33)
7,Jonathan Taylor,RB,IND,8.10 (0.10),7.70,7.10,,8.19 (0.27),7.80 (0.30),7.27 (0.21),9.69 (0.45),8.44 (-0.04),12.72 (0.39)
8,Amon-Ra St. Brown,WR,DET,8.30,8.10,8.30 (0.30),,7.64 (0.55),7.10,7.94 (0.11),8.55 (0.62),7.53 (0.08),11.53 (1.47)
9,James Cook,RB,BUF,13.00 (0.60),12.70,9.90,,9.50 (0.69),10.40 (1.10),9.64 (0.13),12.51 (0.45),11.45 (0.09),16.04 (0.59)
10,CeeDee Lamb,WR,DAL,10.60,10.60,10.10 (-0.30),,14.52 (0.29),9.70 (-0.10),11.73 (0.20),16.08 (0.07),11.68 (0.05),21.05 (1.22)
11,Justin Jefferson,WR,MIN,12.20 (-0.20),12.40,12.30 (-0.10),,11.50 (-1.00),10.80 (-0.70),13.80 (-0.15),16.32 (-0.50),12.61 (0.04),22.98 (-1.38)
12,Saquon Barkley,RB,PHI,17.00 (0.10),16.60,12.90 (0.50),,15.67 (0.48),13.60 (-0.10),12.69 (0.11),19.87 (-0.11),17.76 (0.12),23.71 (0.44)
13,Ashton Jeanty,RB,LV,17.90 (-0.20),15.40,13.70 (-0.40),,9.52 (-1.17),12.10 (-0.70),10.49 (-0.07),12.24 (-0.29),10.57 (0.16),15.98 (-0.61)
14,De'Von Achane,RB,MIA,12.40,12.50,15.80 (-0.40),,14.48 (-0.63),17.90 (0.10),13.97 (-0.49),21.06 (-0.44),14.93 (-0.43),27.87 (-1.74)
15,Chase Brown,RB,CIN,26.20 (0.20),19.00,16.80 (0.10),,13.69 (0.54),15.20 (0.90),16.68 (0.35),16.97 (1.48),15.34 (0.21),22.24 (3.48)
16,Kenneth Walker,RB,KC,24.80 (1.50),22.90,18.00 (1.10),,16.52 (0.06),15.00 (0.20),16.53 (0.19),20.12 (1.15),19.31 (0.26),27.05 (1.45)
17,Drake London,WR,ATL,18.90 (0.50),14.10,18.00 (-0.60),,18.90 (0.33),21.20 (-0.40),20.58 (-0.25),26.07 (-0.18),18.83 (-0.08),34.71 (0.63)
18,Omarion Hampton,RB,LAC,22.00 (-0.50),18.80,18.40 (0.20),,13.33 (-0.56),15.20 (-0.60),16.29 (0.26),16.55 (-0.53),14.39 (0.08),20.45 (-0.54)
19,Derrick Henry,RB,BAL,20.90 (-0.10),24.60,18.40 (0.40),,22.29 (1.17),17.10 (0.30),19.19 (-0.14),25.22 (0.20),23.35 (0.09),32.30 (0.70)
20,Josh Allen,QB,BUF,22.50 (0.10),28.20,19.50 (-0.20),,32.10 (2.75),36.20 (-0.80),17.69 (-0.29),22.04 (0.64),28.06 (-0.32),2.14 (-0.05)
21,Brock Bowers,TE,LV,23.70 (-0.20),20.20,20.80 (-0.60),,22.88 (-0.42),19.90,20.10 (0.07),8.76 (-0.14),22.05 (0.26),9.99 (-0.43)
22,Nico Collins,WR,HOU,27.80,25.20,21.80 (-0.40),,25.50 (-0.19),22.90 (-0.20),23.62 (0.06),30.89 (-0.24),24.82,41.70 (-0.24)
23,George Pickens,WR,DAL,28.10 (0.10),23.10,22.30 (0.10),,24.67 (0.37),23.50 (0.10),28.46 (-0.27),33.49 (-0.27),25.11 (0.10),44.92 (-0.15)
24,Trey McBride,TE,ARI,19.50 (-0.70),18.70,24.40 (-0.50),,24.36 (-0.55),29.30 (-0.40),26.05 (0.47),17.52 (-0.50),23.53 (-0.69),18.71 (-0.89)
25,A.J. Brown,WR,NE,27.20 (-0.40),19.40,25.40 (0.70),,19.50 (-1.19),18.90 (-0.30),21.55 (-0.05),24.15 (-0.03),23.71 (0.88),31.17 (1.11)
26,Jeremiyah Love,RB,ARI,19.40 (-0.60),19.70,27.10 (-0.20),,27.90 (-2.09),26.90 (-0.50),26.41 (-0.44),31.69 (-1.09),25.69 (-0.70),39.81 (-1.42)
27,DeVonta Smith,WR,PHI,39.40 (-0.90),44.90,29.40 (0.10),,33.48 (-0.21),27.60 (-0.30),29.41 (-0.48),40.48 (-2.14),35.35 (0.69),54.42 (-2.66)
28,Kyren Williams,RB,LA,42.50 (-1.30),32.20,29.60 (0.40),,34.02 (-0.98),32.50 (-0.50),27.26 (-0.34),38.25 (0.06),32.93 (-0.29),51.02 (-0.28)
29,Josh Jacobs,RB,GB,28.50 (-1.00),27.60,31.50 (-1.00),,31.60 (-0.37),40.80,30.43 (0.04),43.16 (-1.44),37.38 (-0.92),54.10 (-0.37)
30,Chris Olave,WR,NO,35.40,26.40,32.50 (-0.40),,24.02 (2.44),31.20 (-1.30),32.16 (-0.53),37.24 (0.22),29.35 (0.12),52.16 (-1.84)
31,Rashee Rice,WR,KC,22.60 (-0.50),22.70,32.80,,28.45 (-2.33),26.10 (-1.00),34.60 (0.30),32.25 (-1.08),28.37 (0.08),43.54 (-1.49)
32,Tee Higgins,WR,CIN,58.00 (-1.10),35.50,33.40 (0.60),,45.31 (-1.08),35.00 (-1.10),44.80 (-0.60),50.01 (-0.03),37.76 (0.12),64.13 (-1.67)
33,Javonte Williams,RB,DAL,38.90 (-0.70),38.30,34.90 (0.10),,28.76 (0.66),35.40 (0.90),25.02 (0.18),40.77 (0.55),35.79 (-0.11),53.38 (0.86)
34,Malik Nabers,WR,NYG,38.00 (3.10),25.20 (2.10),35.30 (0.30),,27.74 (6.45),24.00 (4.70),46.85 (3.37),34.04 (3.86),33.42 (0.52),44.89 (3.78)
35,Lamar Jackson,QB,BAL,39.20 (0.80),37.90,36.30 (-1.30),,63.00 (3.19),56.80 (-1.70),35.18 (-1.23),42.89 (0.45),54.88 (-1.04),6.31 (-0.16)
36,Breece Hall,RB,NYJ,38.50 (-2.60),32.30,37.00 (0.80),,31.07 (-2.15),29.00 (0.30),32.36 (0.05),35.58 (-0.93),33.01 (-0.09),45.50 (0.48)
37,Zay Flowers,WR,BAL,42.40 (0.90),43.80,38.70 (1.40),,32.26 (1.09),30.50 (0.40),41.15 (1.26),42.72 (1.00),36.68 (0.69),56.48 (0.01)
38,Colston Loveland,TE,CHI,45.40 (0.10),38.30 (2.90),39.30 (-0.30),,49.05 (1.33),44.10 (2.20),42.12 (0.86),27.22 (-0.21),45.92 (0.07),33.11 (0.15)
39,Tetairoa McMillan,WR,CAR,41.20 (-0.60),37.30,41.00 (-1.20),,42.88 (-0.69),39.40 (-0.60),43.84 (-1.20),53.68 (-0.63),36.67 (-0.15),71.98 (-1.41)
40,Cam Skattebo,RB,NYG,43.00 (0.20),48.70,41.10 (0.30),,34.50 (-3.88),43.60 (0.30),36.65 (0.33),42.71 (0.35),46.14 (0.01),54.26 (0.91)
41,Travis Etienne,RB,NO,50.10 (-1.50),42.20 (-5.50),42.90 (-0.60),,40.64 (-2.56),42.30 (-2.70),36.61 (0.02),49.67 (-1.17),39.95 (-1.15),63.52 (-2.28)
42,Emeka Egbuka,WR,TB,44.60 (-2.20),45.80,44.00 (2.00),,33.52 (0.63),31.00 (1.00),33.57 (0.45),41.41 (0.70),38.25 (1.28),56.26 (-0.28)
43,Jaylen Waddle,WR,DEN,60.50 (-1.00),46.20,44.50 (0.90),,47.55 (-1.67),38.20 (2.10),49.77 (0.21),52.17 (0.09),46.77 (0.89),68.22 (-1.45)
44,Ladd McConkey,WR,LAC,52.80 (0.60),41.90,46.00,,39.69 (1.81),33.90 (0.90),46.77 (1.04),47.58 (1.02),40.66 (0.43),61.57 (-0.33)
45,Joe Burrow,QB,CIN,59.90 (0.10),55.50 (1.60),46.90 (-1.50),,79.67 (-1.90),68.60 (-0.40),53.23 (-1.25),53.77 (-0.60),54.86 (-0.73),13.60 (-0.80)
46,Drake Maye,QB,NE,47.90 (-0.30),51.20,47.10 (-0.80),,79.05 (-0.93),67.20 (-0.70),47.39 (-1.54),48.98 (-0.58),56.46 (-0.89),7.65 (0.35)
47,Tyler Warren,TE,IND,47.10 (-0.10),50.10,47.80 (0.70),,58.38 (1.47),62.80 (1.00),50.99 (0.25),37.60 (0.05),60.61 (0.48),45.53 (0.26)
48,Garrett Wilson,WR,NYJ,36.30 (-0.70),40.90,48.50 (-0.80),,41.76 (0.97),39.90,40.93 (-0.96),49.26 (-0.11),38.85 (0.05),67.17 (-0.68)
49,D'Andre Swift,RB,CHI,72.60 (-0.60),65.10,49.40 (0.60),,51.98 (0.25),48.20 (1.90),43.82 (0.06),53.56 (0.13),54.61 (0.01),66.54 (0.09)
50,Davante Adams,WR,LA,47.40 (-0.80),46.90,50.20 (-1.00),,59.52 (-2.25),51.60 (-0.70),55.04 (-0.33),64.63 (0.13),51.79 (-0.05),82.70 (-0.13)
51,Bucky Irving,RB,TB,56.00 (-0.60),34.40,52.90 (-1.40),,46.31 (3.88),54.20 (1.50),48.71 (-0.35),60.55 (1.45),53.42 (-1.14),77.15 (1.37)
52,Quinshon Judkins,RB,CLE,54.80 (-1.60),55.00,53.20 (0.40),,43.00 (-1.27),52.90 (0.60),45.40 (1.01),55.91 (-0.85),53.64 (-0.11),73.04 (-1.38)
53,Jayden Daniels,QB,WAS,51.10 (0.80),62.10,53.50 (-0.50),,85.95 (-1.03),68.30 (-0.70),62.67 (-0.94),58.65 (-0.93),71.47 (-0.99),12.71 (-0.82)
54,David Montgomery,RB,HOU,75.70 (-1.30),56.30,53.60 (1.00),,47.33 (-1.71),47.40 (1.10),39.44 (0.09),56.58 (0.30),51.56 (0.20),71.41 (1.21)
55,Terry McLaurin,WR,WAS,62.10 (-1.10),56.60,54.30 (0.50),,52.31 (-2.27),46.90 (-2.80),57.62 (0.35),60.09 (-2.30),49.73 (0.36),78.03 (-2.59)
56,Jalen Hurts,QB,PHI,53.70 (0.50),67.20,56.50 (-0.30),,91.64 (-1.26),72.20 (-0.70),66.86 (-0.89),65.69 (-1.33),78.73 (-1.31),18.03 (-0.29)
57,Luther Burden,WR,CHI,77.20 (-0.20),41.10,58.00,,44.05 (0.95),45.90 (-1.60),55.59 (0.63),57.07 (0.16),45.27 (0.07),72.32 (-0.43)
58,TreVeyon Henderson,RB,NE,71.40 (-2.40),47.80,59.80 (-1.90),,49.95 (-0.60),56.10 (-2.90),53.61 (-1.83),63.20 (-2.01),50.75 (-0.65),78.79 (-1.30)
59,Tucker Kraft,TE,GB,100.30 (4.40),67.30,61.20 (-0.50),,79.98 (5.17),78.50 (1.40),69.81 (0.05),66.31 (-0.60),84.00 (0.46),75.25 (-0.27)
60,Bhayshul Tuten,RB,JAC,79.70 (-1.80),60.40,62.90 (1.20),,47.79 (0.33),50.40 (1.00),51.14 (0.22),53.80 (0.36),62.31 (0.84),67.19 (2.69)
61,Sam LaPorta,TE,DET,66.30 (1.30),76.40,63.90 (1.30),,94.76 (0.82),90.50 (1.10),81.48 (1.83),70.59 (0.68),96.86 (0.90),83.11 (-0.18)
62,Jameson Williams,WR,DET,67.20 (-0.10),51.60,64.70 (-1.00),,56.90 (-0.59),51.80 (-0.20),67.05 (0.17),69.03 (0.14),51.69 (0.04),87.41 (-0.56)
63,DJ Moore,WR,BUF,71.10 (-0.30),59.30,65.30 (0.40),,43.10 (-1.48),54.90 (1.50),59.35 (-0.04),62.11 (2.57),59.53 (1.30),82.41 (1.88)
64,Mike Evans,WR,SF,97.10 (-8.70),57.80,65.70 (-0.50),,55.74 (-1.16),49.40 (-3.10),58.47 (-0.67),68.72 (-3.59),55.82 (0.01),87.97 (-3.21)
65,Jadarian Price,RB,SEA,81.10 (-2.80),70.00 (10.30),65.70 (0.10),,53.81 (1.69),62.10 (0.50),56.22 (0.73),65.91 (1.01),71.98 (1.01),81.92 (1.06)
66,Justin Herbert,QB,LAC,109.50 (-1.20),83.70,67.70 (-1.10),,104.64 (0.86),82.60,78.60 (-0.74),72.54 (-2.09),78.47 (-0.83),24.23 (-0.57)
67,Christian Watson,WR,GB,102.00 (-2.20),68.40,68.50 (1.40),,59.48 (-1.21),57.60 (-0.40),67.66 (2.10),69.05 (0.06),55.44 (0.57),89.10 (-1.94)
68,Rome Odunze,WR,CHI,72.30 (-0.70),64.20,69.00 (0.50),,57.26 (0.97),58.40 (1.40),66.12 (1.67),70.81 (0.80),58.92 (0.43),90.81 (-0.27)
69,Caleb Williams,QB,CHI,92.70 (-1.10),82.90,70.10 (1.50),,100.17 (3.14),73.10 (-1.00),70.67 (-0.77),67.85 (-1.66),73.87 (-0.75),20.22 (0.22)
70,Harold Fannin,TE,CLE,76.70 (0.30),62.60,71.50 (0.10),,74.69 (2.93),102.10 (0.30),78.84 (-0.18),67.08 (-1.36),85.52 (-0.63),80.82 (-1.45)
71,Kyle Pitts,TE,ATL,65.90,71.30,73.70 (0.10),,85.24 (1.45),104.40 (-0.50),84.14,68.98 (-0.86),86.50 (0.56),81.63 (-0.02)
72,Chuba Hubbard,RB,CAR,114.90 (-3.70),74.90,74.10 (-3.30),,82.57 (1.89),88.00 (-5.70),71.93 (-1.15),95.25 (-2.44),78.55 (-1.51),109.85 (-0.53)
73,Dak Prescott,QB,DAL,87.80 (1.70),90.30,75.90 (0.80),,109.24 (-1.05),80.40,75.63 (1.40),73.20 (-1.81),83.11 (-0.57),25.31 (-0.24)
74,Jaylen Warren,RB,PIT,104.60 (-1.80),74.80,76.50 (-0.70),,67.21 (-1.40),70.30 (1.90),64.52 (-0.23),75.47 (0.09),72.12 (-0.05),90.73 (0.65)
75,Carnell Tate,WR,TEN,69.70 (-0.50),62.90,78.00 (-0.30),,64.00 (-1.00),60.40 (-1.10),72.84 (0.55),76.34 (-0.39),64.21 (0.35),94.88 (-0.84)
76,Marvin Harrison,WR,ARI,92.00 (-2.70),75.80,79.70 (-0.30),,75.50 (-2.77),69.20 (-0.80),87.76 (0.89),82.56 (0.03),69.36 (0.51),101.97 (-0.81)
77,Jaxson Dart,QB,NYG,75.70 (-1.20),80.60,82.00 (-3.70),,116.50 (-1.92),101.00 (0.10),94.19 (-1.60),86.21 (-3.07),93.42 (-2.52),32.18 (-0.92)
78,Rhamondre Stevenson,RB,NE,112.40 (-0.10),82.70,82.20 (2.20),,69.79 (1.29),73.20 (3.20),64.24 (-0.58),80.54 (2.43),83.02 (0.17),96.31 (2.21)
79,Alec Pierce,WR,IND,97.80 (-1.90),90.40 (-6.80),83.80 (-2.00),,86.83 (-6.02),86.20 (-4.50),97.94 (0.10),104.50 (-9.16),78.26 (-0.65),123.41 (-12.11)
80,Brian Thomas,WR,JAC,106.10 (-2.60),69.60,84.80 (1.30),,66.29 (-0.14),64.40 (-2.10),85.93 (0.12),84.97 (0.06),71.66 (0.60),103.32 (-2.73)
81,Brandon Aubrey,K,DAL,84.50 (0.70),171.10,85.00 (-0.20),,137.79 (1.17),,,287.10 (5.51),,
82,Trevor Lawrence,QB,JAC,95.80 (-1.00),92.30,85.60 (0.50),,98.79 (1.71),85.60 (0.10),86.81 (-1.09),75.46 (-1.30),82.24 (-0.51),28.44 (-0.68)
83,DK Metcalf,WR,PIT,88.00 (-0.40),74.40,86.00 (0.20),,78.05 (2.87),75.20 (0.90),73.41 (0.87),96.28 (1.90),73.24 (0.18),113.22 (0.05)
84,Rico Dowdle,RB,PIT,110.70 (-2.30),88.10,86.10 (-1.80),,75.24 (1.76),86.70 (0.80),77.26 (-0.12),88.37 (1.99),92.36 (-0.30),104.45 (0.05)
85,Tony Pollard,RB,TEN,90.60 (-1.90),85.60,86.40 (0.90),,76.19 (-0.23),76.70 (-2.00),70.96 (-0.59),81.57 (0.39),82.41 (0.36),97.18 (-0.41)
86,Parker Washington,WR,JAC,102.70,70.20 (13.00),88.40 (5.50),,62.67 (1.64),59.40 (5.00),85.22 (1.78),75.55 (6.98),75.83 (2.19),94.93 (7.41)
87,George Kittle,TE,SF,98.00 (-4.20),97.40,89.30 (1.00),,107.17 (0.02),115.20 (-1.60),103.62 (0.22),85.08 (-2.65),118.87 (0.35),99.28 (-4.07)
88,Los Angeles Rams,DST,LA,96.80 (1.20),115.50,90.90 (1.80),,160.38 (3.58),,,291.68 (5.42),156.98 (1.30),
89,Jordyn Tyson,WR,NO,98.50 (-0.40),63.30 (5.70),91.40 (-0.10),,74.98 (-1.83),63.60 (0.10),84.28 (-0.63),86.17 (1.73),80.35 (0.85),102.56 (0.76)
90,Houston Texans,DST,HOU,90.60 (2.00),119.00,92.00,,154.21 (2.02),,,292.43 (5.55),146.31 (-0.21),
91,Travis Kelce,TE,KC,101.90 (-0.60),107.10,94.80 (0.80),,108.45 (1.17),122.50 (-1.40),101.45 (-0.17),89.04 (-1.64),122.52 (0.31),103.21 (-3.33)
92,Kyle Monangai,RB,CHI,133.30 (-3.40),89.50,97.50 (-1.30),,81.31 (-0.23),98.10 (-1.80),92.17 (-2.31),108.30 (-0.35),93.88 (-1.33),121.20 (1.21)
93,Patrick Mahomes,QB,KC,108.70 (-4.30),100.10,97.50 (-1.70),,131.10 (-2.45),97.00 (-2.30),106.69 (-2.84),90.93 (-2.64),102.23 (-1.88),37.34 (-0.50)
94,Chris Godwin,WR,TB,147.50 (-3.80),92.60,97.90,,74.38 (-2.26),90.00,82.62 (0.49),104.57 (1.29),94.18 (1.45),123.02 (0.82)
95,Brock Purdy,QB,SF,105.30 (-2.30),103.50,97.90 (1.00),,129.98 (-5.63),101.60 (-2.80),99.18 (-2.05),86.31 (-3.98),96.92 (-1.85),34.84 (-1.34)
96,Blake Corum,RB,LA,140.50 (-2.20),98.30,98.60 (-1.00),,84.95 (3.78),91.40 (-0.80),92.70 (-1.14),99.95 (4.26),97.93 (1.26),117.80 (2.04)
97,RJ Harvey,RB,DEN,129.50 (-3.60),86.60 (-18.20),98.90 (-3.00),,73.40 (-0.28),88.50 (-2.00),82.13 (-0.76),96.46 (0.18),80.08 (-1.29),111.08 (-0.40)
98,J.K. Dobbins,RB,DEN,124.70 (-2.60),84.20 (8.30),98.90 (1.40),,87.50 (-3.08),97.10 (0.90),85.75 (-0.04),101.60 (1.59),101.35 (0.52),118.41 (1.14)
99,Courtland Sutton,WR,DEN,85.80 (0.10),77.90,99.20 (-1.90),,76.12 (-3.00),84.50 (-0.90),78.06 (-0.59),102.89 (0.12),75.00 (0.23),119.60 (-0.98)
100,Dalton Kincaid,TE,BUF,136.90 (-0.70),97.10,100.10 (-0.30),,128.83 (-0.95),125.10 (1.40),113.25 (-1.63),106.12 (-0.20),123.73 (0.58),116.91 (-1.45)
101,Matthew Stafford,QB,LA,78.80 (-0.40),115.20,100.20 (0.30),,133.12 (-8.24),107.10 (-1.00),106.54 (-0.08),95.68 (-3.26),93.82 (-0.90),39.74 (-0.90)
102,Denver Broncos,DST,DEN,89.40 (0.10),132.80,100.70 (0.60),,175.17 (6.83),,,296.29 (4.14),166.05 (-0.46),
103,Bo Nix,QB,DEN,91.10 (2.60),118.70,101.10 (0.30),,127.90 (2.72),108.20 (-1.20),111.47 (-2.47),96.53 (-2.13),105.10 (-1.48),38.61 (0.30)
104,Makai Lemon,WR,PHI,117.70 (-7.60),88.70 (-12.10),104.10 (-4.90),,100.21 (-5.17),78.70 (-5.70),109.44 (0.33),119.56 (-7.03),94.12 (-0.62),137.42 (-10.48)
105,Michael Wilson,WR,ARI,106.20 (1.30),80.20,104.90 (-2.20),,77.48 (3.67),92.70 (3.30),97.89 (1.65),113.24 (2.19),86.75 (0.38),124.49 (1.71)
106,Dallas Goedert,TE,PHI,101.70 (-0.70),109.10,106.20 (-0.80),,134.55 (-1.28),134.70 (-0.40),118.54 (1.10),97.43 (-0.34),130.16 (0.28),112.65 (-0.85)
107,Seattle Seahawks,DST,SEA,107.30 (-0.20),124.20,106.40 (-0.30),,176.05 (1.22),,,297.08 (5.33),161.92 (-0.64),
108,Jonathon Brooks,RB,CAR,129.60 (-0.30),138.00,107.30 (3.20),,69.93 (3.72),86.00 (6.90),97.04 (2.26),81.48 (2.16),107.20 (4.54),102.25 (3.41)
109,Quentin Johnston,WR,LAC,144.40 (-0.80),102.60,108.50 (4.00),,91.48 (-3.75),74.10 (1.00),107.72 (1.21),98.32 (1.75),88.85 (1.50),109.83 (5.57)
110,Isaiah Likely,TE,NYG,129.80 (-1.40),117.30,108.70 (-0.30),,101.45 (-0.53),126.30 (1.80),122.26 (2.99),87.64 (2.45),126.90 (1.02),101.19 (2.63)
111,Kyler Murray,QB,MIN,150.80 (-1.20),142.20,110.80 (-1.30),,148.12 (-1.74),114.50 (-2.30),118.66 (-2.78),106.76 (-2.67),119.95 (-1.90),46.82 (1.31)
112,Jake Ferguson,TE,DAL,112.40 (-2.20),104.00,113.90 (-1.10),,130.79 (-2.67),133.00 (-1.90),116.79 (-0.46),103.53 (0.19),119.24 (-0.38),110.44 (0.19)
113,Mark Andrews,TE,BAL,123.20 (-1.50),110.70,114.10 (0.30),,131.79 (-2.64),129.30 (-3.50),114.99 (-1.32),106.41 (-1.43),136.28 (0.32),114.38 (1.33)
114,Ricky Pearsall,WR,SF,170.20 (-21.40),400.00,114.50 (-1.90),,125.33 (-24.45),,,320.04 (-112.98),124.58 (-21.07),298.51 (-99.61)
115,Jared Goff,QB,DET,139.50 (1.00),122.00,115.10 (0.60),,134.17 (-0.02),110.10 (-0.30),116.88 (0.04),97.19 (-2.43),101.63 (-1.06),39.75 (0.52)
116,Kenneth Gainwell,RB,TB,123.20 (-1.00),106.90,115.50 (-1.60),,90.26 (-3.18),108.20 (-0.60),80.81 (-1.41),95.12 (1.12),,113.32 (-0.06)
117,Josh Downs,WR,IND,123.50 (5.40),108.40 (16.70),117.40 (3.30),,92.88 (4.43),81.90 (6.30),95.16 (1.03),106.61 (3.77),106.14 (2.57),123.40 (2.01)
118,Aaron Rodgers,QB,PIT,169.00 (0.40),,117.40 (0.50),,268.00,177.20 (-0.40),194.96 (-1.43),194.60 (-5.31),204.33 (-2.22),92.16 (2.43)
119,Jacory Croskey-Merritt,RB,WAS,142.20 (-0.70),114.90,117.60 (-0.40),,98.81 (5.38),110.40 (8.30),107.16 (-0.18),113.53 (7.53),125.03 (1.65),126.57 (9.03)
120,Jordan Addison,WR,MIN,123.60 (-1.70),100.70,118.80 (1.10),,105.81 (-1.50),90.10 (-1.60),106.66 (-0.08),127.52 (-2.14),106.13 (0.15),139.97 (-2.40)
121,Ka'imi Fairbairn,K,HOU,133.90 (1.20),192.00,119.70 (0.90),,181.14 (0.63),,,303.51 (4.72),,
122,Rachaad White,RB,WAS,128.30 (-3.10),127.20,119.80,,90.52 (-2.14),112.70 (-4.00),101.56 (-1.20),101.96 (-3.05),109.39 (1.52),118.71 (-3.64)
123,Michael Pittman,WR,PIT,91.10 (-0.70),102.90,120.10 (0.10),,88.10 (-1.75),99.00 (0.20),90.26 (-0.14),104.44 (0.75),89.63 (1.01),122.55 (-0.54)
124,Jayden Reed,WR,GB,140.80 (-1.80),116.00,120.50 (1.10),,101.21 (-2.02),80.40 (2.90),101.98 (0.32),117.48 (1.40),108.18 (1.39),130.23 (0.61)
125,Jordan Mason,RB,MIN,157.00 (-4.60),119.20 (11.30),120.60 (0.30),,90.88 (0.89),106.10 (5.00),100.72 (0.30),109.33 (3.90),116.24 (1.66),124.65 (2.58)
126,Stefon Diggs,WR,WAS,141.70 (24.50),125.90,120.90 (11.60),,111.31 (17.27),102.40 (30.50),124.91 (13.49),118.06 (24.18),137.08 (3.45),133.41 (19.75)
127,Aaron Jones,RB,MIN,123.40 (-2.40),108.80,121.10 (-2.20),,114.14 (-1.22),125.40 (-2.70),97.98 (-1.19),121.28 (-0.36),130.52 (-0.03),134.23 (-0.95)
128,Fernando Mendoza,QB,LV,166.90 (-0.10),169.50,122.10 (0.70),,251.00 (5.00),186.60 (-4.70),197.88 (-4.19),199.72 (-7.35),203.71 (-4.98),95.69 (-2.89)
129,Sam Darnold,QB,SEA,163.10 (0.40),165.30,123.40 (0.40),,199.91 (-8.58),142.20,152.28 (-1.90),136.48 (-4.54),145.32 (-2.68),62.46 (1.82)
130,Philadelphia Eagles,DST,PHI,134.40 (0.10),129.00,123.40 (0.40),,191.05 (6.03),,,306.14 (4.10),188.30 (0.62),
131,Cameron Dicker,K,LAC,106.00 (2.40),172.20,123.60 (0.70),,177.62 (0.61),,,301.13 (3.90),,
132,Bryce Young,QB,CAR,168.20 (0.10),194.20,123.80 (1.20),,237.72 (-2.32),161.20 (-0.80),181.15 (-3.32),179.38 (-5.99),177.50 (-4.50),79.02 (0.58)
133,Brian Robinson,RB,ATL,166.60 (1.30),123.80,124.40 (0.50),,136.62 (0.88),181.30 (-6.10),162.87 (-2.55),173.64 (-1.24),184.12 (0.51),180.17 (0.67)
134,Jordan Love,QB,GB,159.40,124.80,124.70 (0.40),,168.26 (-11.34),115.50 (-2.40),132.34 (-3.09),114.43 (-2.17),120.20 (-1.79),50.37 (-0.60)
135,Malik Willis,QB,MIA,167.20 (-0.40),137.80,124.80 (-1.40),,170.50 (4.54),135.50 (-0.80),148.55 (-3.11),122.19 (-0.89),143.10 (-1.79),58.89 (0.96)
136,David Njoku,TE,LAC,169.60 (0.30),172.40,125.30 (-0.20),,188.87 (9.90),211.40 (1.50),229.64 (3.96),202.98 (1.87),239.28 (-2.42),190.58 (-2.31)
137,Pat Freiermuth,TE,PIT,168.90,,125.40 (0.80),,255.40 (-16.69),193.80,208.36 (6.98),178.37 (1.28),232.68 (-1.03),172.54 (1.95)
138,Isaac TeSlaa,WR,DET,170.30,198.60,126.00 (-0.90),,192.61 (-11.19),171.50 (-2.30),190.88 (2.48),212.34 (-9.63),187.08 (1.06),209.78 (-7.54)
139,Jason Myers,K,SEA,116.20 (1.70),175.50,126.00 (0.60),,199.79 (1.36),,,303.14 (3.77),,
140,Oronde Gadsden,TE,LAC,169.80 (-0.80),94.70,126.10 (-0.90),,184.85 (-8.97),160.90 (-10.10),139.14 (1.12),142.09 (-5.15),142.53 (-3.78),147.78 (-6.22)
141,Cam Ward,QB,TEN,167.40 (-0.30),165.90,126.10 (1.70),,217.30 (-1.51),144.80 (-3.90),170.43 (-0.15),153.58 (-2.14),152.23 (-2.40),71.33 (1.95)
142,C.J. Stroud,QB,HOU,166.00 (0.10),163.40,126.20 (0.60),,214.97 (-13.80),145.60 (-1.10),160.57 (-2.62),153.26 (-5.28),149.63 (-3.62),66.61 (0.71)
143,James Conner,RB,ARI,170.40 (-0.40),152.20,126.40 (0.70),,198.36 (1.99),214.60,164.11 (1.15),243.69 (-12.26),217.25 (-3.92),257.43 (-13.03)
144,AJ Barner,TE,SEA,168.80 (-0.10),150.10,126.50 (1.30),,234.15 (-14.59),175.30 (-0.40),188.25 (4.00),168.31 (-3.43),198.36 (-1.69),168.82 (-2.11)
145,Alvin Kamara,RB,NO,156.70 (-0.30),157.70,126.70 (1.30),,126.67 (4.71),163.60 (0.90),131.34 (-1.52),150.05 (3.58),177.11 (1.71),159.26 (2.46)
146,New England Patriots,DST,NE,148.10 (-1.20),149.40,126.70 (0.10),,204.02 (5.98),,,307.53 (2.32),187.06 (-0.09),
147,Chig Okonkwo,TE,WAS,168.90 (-0.30),146.20,126.80 (0.20),,154.50 (-4.15),142.90 (-2.90),133.45 (2.59),123.25 (-4.69),160.45 (0.88),131.08 (-6.41)
148,Isiah Pacheco,RB,DET,158.00 (-0.50),167.20,126.80 (0.40),,134.95 (-5.07),157.90 (-6.70),141.09 (-1.86),155.47 (-3.12),164.91 (0.96),165.35 (0.82)
149,Terrance Ferguson,TE,LA,166.80 (0.20),158.70,126.90 (1.00),,222.52 (-6.93),178.70 (2.50),219.76 (-0.02),158.44 (3.36),228.17 (5.90),161.21 (2.17)
150,Jakobi Meyers,WR,JAC,117.40 (-3.40),87.60,127.30 (-1.80),,102.50 (1.81),113.20 (-6.20),110.86 (-1.27),128.61 (-0.09),98.29 (-1.08),143.46 (-1.67)
151,Travis Hunter,WR,JAC,116.90 (1.10),160.20,127.30 (0.50),,198.48 (-8.17),144.80 (-4.20),165.35 (0.09),183.19 (-4.07),195.58 (0.24),183.00 (-3.74)
152,Baker Mayfield,QB,TB,149.20 (-0.20),140.90,127.40 (0.60),,150.79 (-3.71),120.50 (-2.10),128.37 (-1.46),109.26 (-3.04),115.22 (-1.29),48.05 (1.08)
153,Deebo Samuel,WR,SF,136.00 (15.60),141.20 (23.10),127.70 (0.90),,128.88 (30.40),128.10 (14.40),157.77 (20.83),137.77 (17.20),165.16 (5.96),148.10 (13.07)
154,Xavier Worthy,WR,KC,137.00 (-1.10),134.90,128.30 (-0.80),,112.33 (-9.48),104.00 (-5.20),128.22 (0.54),134.80 (-5.52),119.51 (0.12),142.96 (-4.87)
155,Zach Charbonnet,RB,SEA,150.10 (1.80),125.80,128.40 (-0.70),,109.07 (9.97),161.10,124.81 (-1.42),141.73 (-2.77),155.28 (0.45),148.94 (-1.29)
156,Hunter Henry,TE,NE,142.80 (-0.80),106.20,128.50 (0.20),,178.33 (-2.65),151.10 (1.30),144.42 (2.44),138.42 (1.24),164.90 (-1.61),141.11 (0.89)
157,Brenton Strange,TE,JAC,167.60 (-0.80),128.80,128.50 (-0.70),,167.38 (-4.00),149.00 (1.70),158.69 (0.33),126.57 (-1.34),152.91 (-1.25),135.15 (0.61)
158,Cam Little,K,JAC,136.00 (0.70),201.00,128.50,,191.67 (-0.90),,,306.76 (4.60),,
159,Dalton Schultz,TE,HOU,167.60,137.00,128.60 (1.00),,210.06 (-2.85),168.70 (-0.30),181.84 (3.38),153.70 (-2.10),184.31 (-2.00),150.19 (-0.14)
160,Jauan Jennings,WR,MIN,170.10 (-0.40),146.30,128.70 (0.60),,169.66 (5.07),158.20 (-3.00),145.74 (-1.50),193.08 (-3.48),159.60 (-2.47),191.23 (-1.57)
161,Daniel Jones,QB,IND,160.00 (0.40),195.10,128.70 (0.80),,223.30 (-12.04),147.00 (0.30),158.30 (-1.22),135.66 (-0.48),159.23 (-1.56),65.01 (3.71)
162,San Francisco 49ers,DST,SF,168.50 (-0.20),214.00,128.70 (-0.10),,264.00 (-15.00),,,337.43 (-0.90),245.29 (-1.83),
163,Rashid Shaheed,WR,SEA,158.00 (-1.70),152.20,128.90 (0.80),,126.26 (-2.91),132.10 (-1.70),141.28 (2.75),153.96 (-1.68),142.28 (1.66),163.85 (-3.25)
164,Chicago Bears,DST,CHI,169.20 (0.20),209.20,128.90 (1.00),,259.17 (-5.17),,,344.13 (-7.31),221.64 (-1.90),
165,Dallas Cowboys,DST,DAL,166.70 (0.60),205.50,129.00 (0.20),,263.60 (-24.35),,,345.18 (-2.23),250.36 (-1.10),
166,Nick Folk,K,ATL,170.10 (-0.10),285.50,129.60 (-0.40),,,,,349.02 (0.17),,
167,Kenyon Sadiq,TE,NYJ,136.30 (-2.40),118.20,129.70 (-0.20),,182.49 (-3.76),169.70 (-9.20),154.71 (1.02),154.66 (-9.99),168.72 (-3.45),156.41 (-7.19)
168,Tyler Shough,QB,NO,155.20 (-1.70),144.40,129.80 (-0.30),,153.19 (-1.81),124.20 (-1.10),138.59 (-1.88),108.60 (-2.66),117.33 (-2.15),46.71 (0.99)
169,Jake Elliott,K,PHI,168.60 (0.40),240.90,129.80 (-0.40),,,,,349.54 (-0.30),,
170,Tyler Allgeier,RB,ARI,169.40 (0.20),132.50,130.00 (-0.30),,124.33 (6.25),150.30 (6.80),128.36 (-0.14),153.39 (3.57),139.24 (-0.72),161.93 (3.68)
171,Mike Washington,RB,LV,170.30 (0.10),179.10,130.00 (0.60),,168.40 (-2.05),193.60 (5.90),161.93 (-2.65),194.78 (8.67),189.04 (-0.31),209.19 (17.68)
172,Matthew Golden,WR,GB,107.20 (-0.80),134.10,130.10 (1.00),,120.55 (1.41),104.80 (3.50),119.34 (-0.55),129.25 (2.73),122.01 (1.76),142.56 (0.64)
173,T.J. Hockenson,TE,MIN,133.70 (-1.00),141.20,130.20 (0.60),,181.17 (3.52),169.70 (0.80),159.58 (4.71),145.24 (-0.63),183.21 (-1.38),146.38 (0.62)
174,Jalen McMillan,WR,TB,167.40 (-0.40),163.70,130.20 (0.50),,163.60 (-5.06),152.50 (-6.90),166.72 (1.06),168.84 (-4.77),157.45 (0.54),177.71 (-4.17)
175,Emmett Johnson,RB,KC,170.10 (-0.10),149.70,130.30,,183.88 (-6.07),207.30 (-9.50),172.58 (-3.80),196.73 (-4.43),168.45 (-2.49),215.32 (-0.42)
176,Jalen Nailor,WR,LV,169.80,166.50,130.50 (-1.40),,150.43 (-1.16),148.30 (1.60),153.86 (4.11),172.41 (2.27),169.39 (1.93),183.89 (-0.88)
177,New York Giants,DST,NYG,169.10 (0.20),192.50,130.50 (0.20),,266.63 (-19.63),,,347.57 (-1.37),239.62 (-1.84),
178,Juwan Johnson,TE,NO,164.20 (-0.70),135.30,130.60 (0.70),,148.43 (1.72),154.00 (2.30),147.48 (1.64),127.44 (-0.23),152.48 (-1.19),131.49 (1.28)
179,Wan'Dale Robinson,WR,TEN,117.60 (-2.30),103.00,130.70 (-0.50),,80.93 (2.99),111.90 (-0.10),108.30 (1.12),111.35 (3.36),100.52 (1.24),127.19 (2.76)
180,Tyrone Tracy,RB,NYG,167.50,145.30,130.80 (-0.50),,118.43 (0.88),136.50 (-2.40),123.50 (-2.35),131.46 (0.35),134.28 (0.71),143.94 (1.28)
181,Denzel Boston,WR,CLE,166.70 (1.10),147.50,130.80 (0.20),,158.69 (9.81),143.30 (12.20),150.87 (3.29),169.06 (8.14),158.22 (0.71),176.83 (3.99)
182,Omar Cooper,WR,NYJ,170.30 (-0.80),149.30,131.00 (0.70),,170.57 (-7.76),148.80 (-3.80),149.45 (-3.48),183.66 (0.54),172.94 (-0.41),186.67 (-3.13)
183,Jonah Coleman,RB,DEN,170.40 (-0.20),145.00,131.20 (0.30),,118.26 (0.43),157.00 (2.50),151.25 (-1.81),161.24 (1.41),151.81 (0.43),173.95 (2.95)
184,Minnesota Vikings,DST,MIN,168.60 (0.10),160.00,131.20,,213.86 (-1.86),,,311.75 (1.74),194.51 (-1.16),
185,Dylan Sampson,RB,CLE,170.80,166.40,131.50 (0.40),,148.21 (-2.83),174.10 (-2.20),157.37 (0.13),162.33 (-3.41),159.75 (-0.56),170.45 (-2.63)
186,Tank Bigsby,RB,PHI,167.60 (0.60),187.70,131.60 (0.50),,139.98 (2.33),155.20 (5.50),163.94 (-1.16),157.88 (4.47),184.34 (3.51),170.16 (5.56)
187,Buffalo Bills,DST,BUF,169.00 (0.10),225.20,131.90 (0.30),,261.83 (-14.08),,,330.68 (0.34),233.05 (-1.71),
188,KC Concepcion,WR,CLE,150.60 (-5.00),143.20,132.00,,122.76 (0.36),118.80 (-1.40),125.13 (-0.04),138.75 (0.94),130.51 (0.35),149.98 (-0.97)
189,Romeo Doubs,WR,NE,152.10 (-3.20),115.30,132.20 (-0.10),,126.29 (-5.17),118.50 (-2.10),121.87 (0.43),143.47 (-0.98),121.35 (0.24),158.34 (-2.11)
190,Jo'quavioius Marks,RB,HOU,151.60 (-1.30),141.20,132.30,,117.98 (3.64),141.00 (0.40),142.70 (0.89),143.58 (1.81),143.58 (-0.19),153.78 (1.11)
191,Tyreek Hill,WR,Free Agent,169.80,174.00,132.30 (0.40),,259.44 (-28.31),215.30 (0.20),222.79 (-5.09),339.67 (2.88),247.46 (-5.18),347.69 (-0.43)
192,Khalil Shakir,WR,BUF,136.90 (-1.80),133.80,132.50 (0.70),,138.86 (-5.51),129.70 (-3.20),127.71 (1.60),145.57 (2.30),124.56 (-0.14),153.21 (0.49)
193,De'Zhaun Stribling,WR,SF,169.40 (-0.30),202.40,132.50,,135.17 (32.07),136.00 (12.00),157.89 (4.39),154.43 (10.55),222.69 (11.33),165.68 (11.93)
194,Keaton Mitchell,RB,LAC,170.50 (0.10),164.90,132.60 (0.50),,124.07 (0.24),132.20 (3.60),142.20 (-1.28),131.22 (3.68),153.92 (2.54),139.68 (6.53)
195,Chris Rodriguez,RB,JAC,168.30 (0.60),141.60,132.80 (-0.20),,126.05 (-0.90),128.40 (0.90),130.49 (-3.19),135.73 (3.64),144.75 (1.02),149.17 (1.66)
196,Greg Dulcich,TE,MIA,170.30 (0.10),,132.80 (1.50),,204.82 (-0.78),182.50 (-3.80),177.48 (-0.05),155.28 (-4.74),217.99 (2.96),158.86 (-4.27)
197,Tyjae Spears,RB,TEN,168.50 (-0.20),151.90,133.00 (0.40),,129.38 (-4.42),157.30 (-4.60),139.44 (-2.21),149.11 (-3.70),163.65 (0.03),155.41 (0.05)
198,Wil Lutz,K,DEN,169.80 (0.50),253.30,133.00 (0.70),,263.00 (-14.00),,,346.00 (-1.18),,
199,Harrison Mevis,K,LA,131.30 (2.50),181.00,133.20 (0.20),,224.33 (-1.04),,,310.88 (4.17),,
200,Harrison Butker,K,KC,148.70 (1.70),224.00,133.20 (0.70),,261.30 (-14.80),,,341.17 (-1.98),,
201,Jayden Higgins,WR,HOU,159.30 (-0.50),131.10,133.30 (0.70),,130.50 (0.58),121.10 (2.00),132.08 (1.43),144.28 (6.35),116.72 (1.25),157.05 (6.40)
202,Jalen Coker,WR,CAR,160.30 (-0.10),136.30,133.50 (0.40),,135.43 (-4.85),126.70 (1.30),132.05 (2.27),144.58 (1.97),130.65 (0.60),154.93
203,Pittsburgh Steelers,DST,PIT,115.80 (1.70),181.20,134.70 (-0.60),,217.00 (6.09),,,310.63 (3.33),195.42 (-0.03),
204,Atlanta Falcons,DST,ATL,170.30 (-0.10),228.40,135.10 (2.30),,265.00,,,347.31 (-3.00),233.67 (-2.55),
205,Cleveland Browns,DST,CLE,152.30 (-0.20),266.60,135.40 (1.30),,258.78 (-12.78),,,346.44 (-1.17),218.43 (-3.26),
206,Tyler Bass,K,BUF,169.50 (0.30),299.00,135.50 (-1.20),,266.75 (-15.42),,,348.29 (0.05),,
207,Kansas City Chiefs,DST,KC,162.30 (-0.80),189.20,135.70 (0.40),,272.00,,,340.51 (0.23),235.63 (-1.63),
208,Jacksonville Jaguars,DST,JAC,166.90 (-1.20),177.20,136.90,,209.69 (5.54),,,308.48 (4.07),193.48 (0.21),
209,Baltimore Ravens,DST,BAL,131.70 (1.90),142.20,137.00 (-0.80),,239.21 (-7.41),,,314.29 (3.07),205.60 (-0.14),
210,Detroit Lions,DST,DET,151.00 (0.60),162.20,137.60 (0.30),,258.80 (-7.80),,,325.11 (-0.23),232.96 (-1.13),
211,Green Bay Packers,DST,GB,167.60 (0.30),203.40,137.70 (0.20),,232.40 (-6.55),,,331.72 (3.69),229.54 (-1.06),
212,Jake Bates,K,DET,154.40 (0.60),233.00,138.40 (0.60),,221.71 (0.43),,,315.41 (1.66),,
213,Will Reichard,K,MIN,166.00 (-0.40),204.40,138.40 (0.70),,242.08 (-0.33),,,319.87 (2.68),,
214,Los Angeles Chargers,DST,LAC,162.70 (-0.70),197.60,138.70 (-0.40),,225.71 (1.76),,,304.42 (3.57),200.11 (0.63),
215,Chris Boswell,K,PIT,161.90 (0.30),239.40,138.90 (1.20),,256.00 (-9.00),,,334.34 (0.89),,
216,Tyler Loop,K,BAL,163.10 (-0.40),238.40,141.60 (-0.50),,222.51 (0.87),,,315.97 (3.88),,
217,Chase McLaughlin,K,TB,169.00 (-0.30),240.20,142.00 (0.50),,251.11 (-7.21),,,322.67 (2.13),,
218,Evan McPherson,K,CIN,168.80 (0.20),224.20,142.90 (0.40),,270.60 (-15.60),,,335.13 (-0.12),,
219,Eddy Pineiro,K,SF,149.40 (0.50),204.00,143.80 (-0.30),,235.97 (1.44),,,314.93 (2.64),,
220,Cairo Santos,K,CHI,167.10 (-0.40),222.20,144.60 (-0.10),,267.33 (-2.33),,,341.72 (-0.72),,
221,Justin Tucker,K,Free Agent,169.50 (0.10),,,,,,,,,
222,Philip Rivers,QB,Free Agent,169.60 (0.10),,,,,,,,,
223,Caden Davis,K,Free Agent,169.90,,,,,,,,,
224,Kadarius Toney,WR,Free Agent,169.90 (0.10),,,,,,,,,
225,Sal Cannella,TE,Free Agent,169.90 (0.10),,,,,,,,,
226,Matt Prater,K,Free Agent,169.90,,,,,,,,,
227,Jakobie Keeney-James,WR,PIT,169.90 (0.10),,,,,,,,,
228,Stetson Bennett,QB,LA,169.90 (0.10),,,,,,,,,
229,Lil'Jordan Humphrey,WR,DEN,169.90 (0.10),,,,,,,,,
230,JuJu Smith-Schuster,WR,NYG,169.90 (0.10),,,,,,,,,
231,Michael Pratt,QB,Free Agent,169.90 (0.10),,,,,,,,,
232,Luke Schoonmaker,TE,DAL,169.90,,,,,,,,,
233,John Parker Romo,K,Free Agent,170.00,,,,,,,,,
234,Jermaine Burton,WR,Free Agent,170.00,,,,,,,,,
235,Patrick Taylor,RB,SF,170.00,,,,,,,,,
236,Tony Brown,DB,Free Agent,170.00,,,,,,,,,
237,Ben VanSumeren,FB,BUF,170.00,,,,,,,,,
238,Shane Zylstra,TE,BUF,170.00,,,,,,,,,
239,Mason Tipton,WR,NO,170.00,,,,,,,,,
240,Jared Wayne,WR,HOU,170.00,,,,,,,,,
241,Grant DuBose,WR,Free Agent,170.00,,,,,,,,,
242,Robert Woods,WR,PIT,170.00,,,,,,,,,
243,Michael Woods,WR,DEN,170.00,,,,,,,,,
244,British Brooks,RB,HOU,170.00,,,,,,,,,
245,Justyn Ross,WR,Free Agent,170.00,,,,,,,,,
246,Hunter Luepke,FB,DAL,170.00,,,,,,,,,
247,Mike White,QB,Free Agent,170.00,,,,,,,,,
248,Teagan Quitoriano,TE,ARI,170.00,,,,,,,,,
249,Cam Grandy,TE,CIN,170.00,,,,,,,,,
250,Michael Bandy,WR,DEN,170.00,,,,,,,,,
251,Samori Toure,WR,PHI,170.00,,,,,,,,,
252,CJ Dippre,TE,NE,170.00,,,,,,,,,
253,Carsen Ryan,TE,CLE,170.00,,,,,,,,,
254,Chris Conley,WR,SF,170.00,,,,,,,,,
255,Danny Gray,WR,PHI,170.00,,,,,,,,,
256,Max Brosmer,QB,MIN,170.00,,,,,,,,,
257,Dez Fitzpatrick,WR,Free Agent,170.00,,,,,,,,,
258,Dalevon Campbell,WR,LAC,170.00,,,,,,,,,
259,Amar Johnson,RB,LAC,170.00,,,,,,,,,
260,Jaren Hall,QB,Free Agent,170.00,,,,,,,,,
261,Tip Reiman,TE,ARI,170.00,,,,,,,,,
262,Joshua Cephus,WR,Free Agent,170.00,,,,,,,,,
263,Laviska Shenault,WR,Free Agent,170.00,,,,,,,,,
264,Parris Campbell,WR,DAL,170.00 (0.10),,,,,,,,,
265,Behren Morton,QB,NE,170.00,,,,,,,,,
266,Johnny Wilson,WR,PHI,170.00,,,,,,,,,
267,Zack Kuntz,TE,DAL,170.00,,,,,,,,,
268,Jackson Meeks,TE,DET,170.00,,,,,,,,,
269,Brennan Presley,WR,LA,170.00,,,,,,,,,
270,Michael Carter,CB,PHI,170.00,,,,,,,,,
271,Chris Oladokun,QB,KC,170.00,,,,,,,,,
272,Russell Wilson,QB,NYG,170.00,,,,,,,,,
273,Ko Kieft,TE,TB,170.00,,,,,,,,,
274,Eric Gray,RB,NYG,170.00,,,,,,,,,
275,Diontae Johnson,WR,Free Agent,170.00,,,,,,,,,
276,Terrell Jennings,RB,NE,170.00,,,,,,,,,
277,Kenny Yeboah,TE,ARI,170.00,,,,,,,,,
278,Hassan Haskins,RB,NE,170.00,,,,,,,,,
279,Jeff Driskel,QB,Free Agent,170.00,,,,,,,,,
280,Dareke Young,WR,LV,170.00,,,,,,,,,
281,D'Onta Foreman,RB,Free Agent,170.00,,,,,,,,,
282,James Mitchell,TE,CAR,170.00,,,,,,,,,
283,Jermaine Jackson,WR,Free Agent,170.00,,,,,,,,,
284,Ronnie Bell,WR,NO,170.00,,,,,,,,,
285,Treyton Welch,TE,NO,170.00,,,,,,,,,
286,Scotty Miller,WR,CHI,170.00,,,,,,,,,
287,Graham Mertz,QB,HOU,170.00,,,,,,,,,
288,Nick Nash,WR,WAS,170.00,,,,,,,,,
289,Keleki Latu,TE,BUF,170.00,,,,,,,,,
290,Jack Endries,TE,CIN,170.00,,,,,,,,,
291,Zach Davidson,TE,Free Agent,170.00,,,,,,,,,
292,Dennis Houston,WR,TB,170.00,,,,,,,,,
293,Donald Parham,TE,Free Agent,170.00,,,,,,,,,
294,Dante Miller,RB,NYG,170.00,,,,,,,,,
295,Cordarrelle Patterson,RB,Free Agent,170.00,,,,,,,,,
296,Kalel Mullings,RB,TEN,170.00,,,,,,,,,
297,John Samuel Shenker,TE,LV,170.00,,,,,,,,,
298,Athan Kaliakmanis,QB,WAS,170.00,,,,,,,,,
299,Scott Matlock,FB,LAC,170.00,,,,,,,,,
300,John Wolford,QB,Free Agent,170.00,,,,,,,,,
301,Anthony Gould,WR,IND,170.00,,,,,,,,,
302,Graham Gano,K,Free Agent,170.00 (-0.10),,,,,,,,,
303,Ben Sims,TE,MIA,170.00,,,,,,,,,
304,Kedon Slovis,QB,ARI,170.00,,,,,,,,,
305,Kaden Wetjen,WR,PIT,170.00,,,,,,,,,
306,Joshua Karty,K,Free Agent,170.00,,,,,,,,,
307,Montrell Washington,WR,Free Agent,170.00,,,,,,,,,
308,Hunter Long,TE,JAC,170.00,,,,,,,,,
309,Brayden Willis,TE,SF,170.00,,,,,,,,,
310,Elijah Cooks,WR,CAR,170.00,,,,,,,,,
311,Mitchell Wilcox,TE,Free Agent,170.00,,,,,,,,,
312,Cam Akers,RB,Free Agent,170.00,,,,,,,,,
313,Stephen Sullivan,TE,Free Agent,170.00,,,,,,,,,
314,Owen Wright,RB,HOU,170.00,,,,,,,,,
315,Brandon Allen,QB,NYG,170.00,,,,,,,,,
316,Xavier Gipson,WR,NYG,170.00,,,,,,,,,
317,Max Bredeson,FB,MIN,170.00,,,,,,,,,
318,Blake Whiteheart,TE,CLE,170.00,,,,,,,,,
319,Chris Collier,RB,LV,170.00,,,,,,,,,
320,Erik Ezukanma,WR,PHI,170.00,,,,,,,,,
321,Kevin Austin,WR,NO,170.00,,,,,,,,,
322,Thomas Odukoya,TE,Free Agent,170.00,,,,,,,,,
323,Bauer Sharp,TE,TB,170.00,,,,,,,,,
324,Dylan Drummond,WR,ATL,170.00,,,,,,,,,
325,Jaren Kanak,TE,TEN,170.00,,,,,,,,,
326,David Moore,WR,CAR,170.00,,,,,,,,,
327,Connor Heyward,FB,LV,170.00,,,,,,,,,
328,Tony Jones,RB,Free Agent,170.00,,,,,,,,,
329,Noah Brown,WR,Free Agent,170.00,,,,,,,,,
330,Tanner Hudson,TE,CIN,170.00,,,,,,,,,
331,Reggie Gilliam,FB,NE,170.00,,,,,,,,,
332,Anthony Brown,CB,Free Agent,170.00,,,,,,,,,
333,Cade Stover,TE,HOU,170.00,,,,,,,,,
334,Nick Kallerup,TE,SEA,170.00,,,,,,,,,
335,Tanner McLachlan,TE,SF,170.00,,,,,,,,,
336,Dominic Lovett,WR,DET,170.00,,,,,,,,,
337,Kyle Trask,QB,CAR,170.00,,,,,,,,,
338,Quintin Morris,TE,JAC,170.00,,,,,,,,,
339,Louis Rees-Zammit,WR,Free Agent,170.00,,,,,,,,,
340,Jamaal Williams,RB,Free Agent,170.00,,,,,,,,,
341,Julius Chestnut,RB,TEN,170.00,,,,,,,,,
342,Nyheim Hines,RB,Free Agent,170.00,,,,,,,,,
343,Adrian Martinez,QB,SF,170.00,,,,,,,,,
344,Ramel Keyton,WR,Free Agent,170.00,,,,,,,,,
345,Brett Rypien,QB,Free Agent,170.00,,,,,,,,,
346,Shedrick Jackson,WR,LV,170.00,,,,,,,,,
347,Israel Abanikanda,RB,DAL,170.00,,,,,,,,,
348,Trent Sherfield,WR,BUF,170.00,,,,,,,,,
349,Jude McAtamney,K,Free Agent,170.00 (-0.10),,,,,,,,,
350,Foster Moreau,TE,HOU,170.00,,,,,,,,,
351,John Bates,TE,WAS,170.00,,,,,,,,,
352,Chris Moore,WR,BAL,170.00,,,,,,,,,
353,River Cracraft,WR,WAS,170.00,,,,,,,,,
354,Tyler Mabry,TE,Free Agent,170.00,,,,,,,,,
355,Dustin Hopkins,K,Free Agent,170.00,,,,,,,,,
356,Jakob Johnson,FB,Free Agent,170.00,,,,,,,,,
357,J.J. Taylor,RB,Free Agent,170.00,,,,,,,,,
358,Trishton Jackson,WR,Free Agent,170.00,,,,,,,,,
359,Jamison Crowder,WR,WAS,170.00,,,,,,,,,
360,Zach Evans,RB,NYJ,170.00,,,,,,,,,
361,Jackson Hawes,TE,BUF,170.00 (-0.10),,,,,,,,,
362,Jack Stoll,TE,CLE,170.00,,,,,,,,,
363,Mike Boone,RB,Free Agent,170.00,,,,,,,,,
364,Darrynton Evans,RB,Free Agent,170.00,,,,,,,,,
365,Tucker Fisk,TE,Free Agent,170.00,,,,,,,,,
366,David Martin-Robinson,TE,TEN,170.00,,,,,,,,,
367,Tay Martin,WR,DET,170.00,,,,,,,,,
368,Dallen Bentley,TE,DEN,170.00,,,,,,,,,
369,Hayden Hurst,TE,LAC,170.00,,,,,,,,,
370,Carson Steele,RB,PHI,170.00,,,,,,,,,
371,Travis Vokolek,TE,Free Agent,170.00,,,,,,,,,
372,Eric Tomlinson,TE,Free Agent,170.00,,,,,,,,,
373,Grant Calcaterra,TE,PHI,170.00,,,,,,,,,
374,Tommy Mellott,QB,Free Agent,170.00,,,,,,,,,
375,Bryce Oliver,WR,TEN,170.00,,,,,,,,,
376,Allen Lazard,WR,Free Agent,170.00,,,,,,,,,
377,Eric Saubert,TE,SEA,170.00,,,,,,,,,
378,Irv Smith,TE,Free Agent,170.00,,,,,,,,,
379,Zamir White,RB,SF,170.00,,,,,,,,,
380,Derius Davis,WR,LAC,170.00,,,,,,,,,
381,Joe Royer,TE,CLE,170.00,,,,,,,,,
382,Tim Boyle,QB,Free Agent,170.00,,,,,,,,,
383,Kyle McCord,QB,GB,170.00,,,,,,,,,
384,Mason Kinsey,WR,TEN,170.00,,,,,,,,,
385,Jordan Matthews,TE,Free Agent,170.00,,,,,,,,,
386,Nikko Remigio,WR,KC,170.00,,,,,,,,,
387,Lew Nichols,RB,PIT,170.00,,,,,,,,,
388,Brenden Rice,WR,Free Agent,170.00,,,,,,,,,
389,Ezekiel Elliott,RB,LAC,170.00,,,,,,,,,
390,Kameron Johnson,WR,TB,170.00,,,,,,,,,
391,Kristian Wilkerson,WR,ATL,170.00,,,,,,,,,
392,Cam Miller,QB,MIA,170.00,,,,,,,,,
393,Trent Taylor,WR,Free Agent,170.00,,,,,,,,,
394,Giovanni Ricci,TE,Free Agent,170.00,,,,,,,,,
395,Peyton Hendershot,TE,Free Agent,170.00,,,,,,,,,
396,Gerald Everett,TE,Free Agent,170.00,,,,,,,,,
397,Robert Tonyan,TE,PIT,170.00,,,,,,,,,
398,Malik Turner,WR,SF,170.00,,,,,,,,,
399,Laquon Treadwell,WR,IND,170.00,,,,,,,,,
400,Tyreik McAllister,WR,Free Agent,170.00,,,,,,,,,
401,Irvin Charles,WR,SEA,170.00,,,,,,,,,
402,Jeshaun Jones,WR,MIN,170.00,,,,,,,,,
403,Justin Watson,WR,HOU,170.00,,,,,,,,,
404,Cody Thompson,WR,Free Agent,170.00,,,,,,,,,
405,Amari Cooper,WR,LV,170.00,,,,,,,,,
406,Jake Haener,QB,Free Agent,170.00,,,,,,,,,
407,Daniel Carlson,K,Free Agent,170.00,,,,,,,,,
408,Kaden Prather,WR,GB,170.00,,,,,,,,,
409,D.J. Montgomery,WR,IND,170.00,,,,,,,,,
410,Jason Brownlee,WR,KC,170.00,,,,,,,,,
411,Kaden Davis,WR,CHI,170.00,,,,,,,,,
412,Elijah Mitchell,RB,Free Agent,170.00,,,,,,,,,
413,Gage Larvadain,WR,CLE,170.00,,,,,,,,,
414,Will Mallory,TE,IND,170.00,,,,,,,,,
415,Jamari Thrash,WR,CLE,170.00,,,,,,,,,
416,Ja'Lynn Polk,WR,NO,170.00,,,,,,,,,
417,Bailey Zappe,QB,NYJ,170.00,,,,,,,,,
418,Jelani Woods,TE,NYJ,170.00,,,,,,,,,
419,Ronnie Rivers,RB,LA,170.00,,,,,,,,,
420,Stone Smartt,TE,PHI,170.00,,,,,,,,,
421,Xavier Weaver,WR,ARI,170.00,,,,,,,,,
422,Corey Kiner,RB,ARI,170.00,,,,,,,,,
423,Quez Watkins,WR,PHI,170.00,,,,,,,,,
424,Allen Robinson,WR,DET,170.00,,,,,,,,,
425,Alec Ingold,FB,LAC,170.00,,,,,,,,,
426,Salvon Ahmed,RB,CHI,170.00,,,,,,,,,
427,Jaylen Johnson,WR,Free Agent,170.00,,,,,,,,,
428,Tom Kennedy,WR,DET,170.00,,,,,,,,,
429,Zaire Mitchell-Paden,TE,NO,170.00,,,,,,,,,
430,Tyrion Davis-Price,RB,Free Agent,170.00,,,,,,,,,
431,David Bell,WR,CLE,170.00,,,,,,,,,
432,Adam Prentice,FB,DEN,170.00,,,,,,,,,
433,Zach Wilson,QB,NO,170.00,,,,,,,,,
434,John FitzPatrick,TE,Free Agent,170.00,,,,,,,,,
435,Cornelius Johnson,WR,BAL,170.00,,,,,,,,,
436,Ke'Shawn Williams,WR,CIN,170.00,,,,,,,,,
437,Ryan Miller,WR,NYG,170.00,,,,,,,,,
438,Dalen Cambre,WR,NYG,170.00,,,,,,,,,
439,Carlos Washington,RB,MIA,170.00,,,,,,,,,
440,Keilan Robinson,RB,Free Agent,170.00,,,,,,,,,
441,MyCole Pruitt,TE,PIT,170.00,,,,,,,,,
442,Zach Horton,TE,DET,170.00,,,,,,,,,
443,Gunner Olszewski,WR,NYG,170.00,,,,,,,,,
444,Kendrick Law,WR,DET,170.00,,,,,,,,,
445,Trenton Irwin,WR,SF,170.00,,,,,,,,,
446,Tyree Jackson,TE,Free Agent,170.00,,,,,,,,,
447,Beaux Collins,WR,NYG,170.00,,,,,,,,,
448,Coleman Owen,WR,IND,170.00,,,,,,,,,
449,Julian Hill,TE,NE,170.00,,,,,,,,,
450,Zack Moss,RB,Free Agent,170.00,,,,,,,,,
451,Travis Homer,RB,PIT,170.00,,,,,,,,,
452,Baylor Cupp,TE,Free Agent,170.00,,,,,,,,,
453,Jacob Kibodi,RB,Free Agent,170.00,,,,,,,,,
454,Jaheim Bell,TE,PIT,170.00,,,,,,,,,
455,Dameon Pierce,RB,PHI,170.00,,,,,,,,,
456,Tanner Conner,TE,NYG,170.00,,,,,,,,,
457,Clyde Edwards-Helaire,RB,Free Agent,170.00,,,,,,,,,
458,Charlie Jones,WR,CIN,170.00,,,,,,,,,
459,Khari Blasingame,FB,Free Agent,170.00,,,,,,,,,
460,Jody Fortson,TE,Free Agent,170.00,,,,,,,,,
461,Michael Badgley,K,Free Agent,170.00,,,,,,,,,
462,D'Ernest Johnson,RB,Free Agent,170.00,,,,,,,,,
463,Evan Hull,RB,ARI,170.00,,,,,,,,,
464,Adam Trautman,TE,DEN,170.00,,,,,,,,,
465,Jase McClellan,RB,Free Agent,170.00,,,,,,,,,
466,Luke Farrell,TE,SF,170.00,,,,,,,,,
467,Russell Gage,WR,Free Agent,170.00 (0.10),,,,,,,,,
468,Rakim Jarrett,WR,Free Agent,170.00,,,,,,,,,
469,Sincere McCormick,RB,SF,170.00,,,,,,,,,
470,Zach Pascal,WR,Free Agent,170.00,,,,,,,,,
471,Tyler Lockett,WR,Free Agent,170.00,,,,,,,,,
472,Greg Joseph,K,Free Agent,170.00,,,,,,,,,
473,Jacoby Jones,WR,WAS,170.00,,,,,,,,,
474,Bo Melton,WR,GB,170.00,,,,,,,,,
475,Lucas Havrisik,K,Free Agent,170.00,,,,,,,,,
476,Braxton Berrios,WR,NYG,170.00,,,,,,,,,
477,Chase Cota,WR,Free Agent,170.00,,,,,,,,,
478,Josiah Deguara,TE,SF,170.00,,,,,,,,,
479,LaJohntay Wester,WR,BAL,170.00,,,,,,,,,
480,Antonio Gibson,RB,Free Agent,170.00,,,,,,,,,
481,K.J. Osborn,WR,TEN,170.00,,,,,,,,,
482,Devin Leary,QB,Free Agent,170.00,,,,,,,,,
483,Moliki Matavao,TE,NO,170.00,,,,,,,,,
484,Jonathan Ward,RB,Free Agent,170.00,,,,,,,,,
485,Austin Seibert,K,WAS,170.00,,,,,,,,,
486,Tyler Boyd,WR,Free Agent,170.00,,,,,,,,,
487,Mo Alie-Cox,TE,IND,170.00,,,,,,,,,
488,Brandon Powell,WR,Free Agent,170.00,,,,,,,,,
489,Myles Gaskin,RB,Free Agent,170.00,,,,,,,,,
490,DJ Chark,WR,ATL,170.00,,,,,,,,,
491,Sean McKeon,TE,IND,170.00,,,,,,,,,
492,Zavier Scott,RB,MIN,170.00,,,,,,,,,
493,Harrison Bryant,TE,Free Agent,170.00,,,,,,,,,
494,Thomas Fidone,TE,NYG,170.00,,,,,,,,,
495,Cody White,WR,SEA,170.00,,,,,,,,,
496,Caleb Lohner,TE,DEN,170.00,,,,,,,,,
497,Matthew Wright,K,Free Agent,170.00,,,,,,,,,
498,Jordan Mims,RB,Free Agent,170.00,,,,,,,,,
499,Dorian Thompson-Robinson,QB,Free Agent,170.00,,,,,,,,,
500,Deneric Prince,RB,Free Agent,170.00,,,,,,,,,
501,Drake Dabney,TE,GB,170.00,,,,,,,,,
502,Joseph Ngata,WR,Free Agent,170.00,,,,,,,,,
503,Brandon Johnson,WR,LV,170.00,,,,,,,,,
504,Ellis Merriweather,RB,Free Agent,170.00,,,,,,,,,
505,Brandin Cooks,WR,Free Agent,170.00,,,,,,,,,
506,Tyler Scott,WR,LA,170.00,,,,,,,,,
507,Jaelon Darden,WR,Free Agent,170.00,,,,,,,,,
508,Myles Price,WR,MIN,170.00,,,,,,,,,
509,Tejhaun Palmer,WR,NE,170.00,,,,,,,,,
510,Anthony Smith,WR,DAL,170.00,,,,,,,,,
511,Ainias Smith,WR,Free Agent,170.00,,,,,,,,,
512,Ulysses Bentley,RB,IND,170.00,,,,,,,,,
513,Ke'Shawn Vaughn,RB,Free Agent,170.00,,,,,,,,,
514,Gary Brightwell,RB,CIN,170.00,,,,,,,,,
515,Malachi Corley,WR,CLE,170.00,,,,,,,,,
516,Steven Sims,WR,Free Agent,170.00,,,,,,,,,
517,Desmond Ridder,QB,Free Agent,170.00,,,,,,,,,
518,Hendon Hooker,QB,TEN,170.00,,,,,,,,,
519,Brandon McManus,K,Free Agent,170.00,,,,,,,,,
520,Deven Thompkins,WR,LV,170.00,,,,,,,,,
521,Curtis Samuel,WR,Free Agent,170.00,,,,,,,,,
522,John Kelly,RB,Free Agent,170.00,,,,,,,,,
523,Carter Runyon,TE,LV,170.00,,,,,,,,,
524,Jordan Travis,QB,NYJ,170.00,,,,,,,,,
525,Stephen Carlson,TE,CHI,170.00,,,,,,,,,
526,Luke Lachey,TE,GB,170.00,,,,,,,,,
527,Blake Watson,RB,Free Agent,170.00,,,,,,,,,
528,Jimmy Holiday,WR,KC,170.00,,,,,,,,,
529,Collin Johnson,WR,LV,170.00,,,,,,,,,
530,Ihmir Smith-Marsette,WR,ARI,170.00,,,,,,,,,
531,C.J. Uzomah,TE,Free Agent,170.00,,,,,,,,,
532,Chris Manhertz,TE,NYG,170.00,,,,,,,,,
533,Anders Carlson,K,Free Agent,170.00,,,,,,,,,
534,Taylor Heinicke,QB,LAC,170.00,,,,,,,,,
535,A.T. Perry,WR,Free Agent,170.00,,,,,,,,,
536,Trey Palmer,WR,NO,170.00,,,,,,,,,
537,Tim Jones,WR,JAC,170.00,,,,,,,,,
538,Drew Ogletree,TE,IND,170.00,,,,,,,,,
539,Jermar Jefferson,RB,MIN,170.00,,,,,,,,,
540,Cole Payton,QB,PHI,170.00,,,,,,,,,
541,Jared Wiley,TE,KC,170.00,,,,,,,,,
542,Dalvin Cook,RB,Free Agent,170.00,,,,,,,,,
543,Velus Jones,RB,SEA,170.00,,,,,,,,,
544,Anthony Firkser,TE,Free Agent,170.00,,,,,,,,,
545,Ben Yurosek,TE,MIN,170.00,,,,,,,,,
546,Chase Edmonds,RB,Free Agent,170.00,,,,,,,,,
547,Case Keenum,QB,CHI,170.00,,,,,,,,,
548,Nate Adkins,TE,DEN,170.00,,,,,,,,,
549,John Ross,WR,Free Agent,170.00,,,,,,,,,
550,Ben Skowronek,WR,PIT,170.00,,,,,,,,,
551,Josh Johnson,QB,CIN,170.00,,,,,,,,,
552,Joshua Kelley,RB,Free Agent,170.00,,,,,,,,,
553,Nate Boerkircher,TE,JAC,170.00,,,,,,,,,
554,Devin Culp,TE,TB,170.00,,,,,,,,,
555,Easton Stick,QB,IND,170.00 (0.10),,,,,,,,,
556,Anthony Miller,WR,Free Agent,170.00,,,,,,,,,
557,Cameron Latu,TE,PHI,170.00,,,,,,,,,
558,Britain Covey,WR,PHI,170.00,,,,,,,,,
559,Gus Edwards,RB,Free Agent,170.00,,,,,,,,,
560,JaMycal Hasty,RB,Free Agent,170.00,,,,,,,,,
561,Malik Heath,WR,Free Agent,170.00,,,,,,,,,
562,Avery Williams,RB,Free Agent,170.00,,,,,,,,,
563,Kylen Granson,TE,TEN,170.00,,,,,,,,,
564,Ross Dwelley,TE,Free Agent,170.00,,,,,,,,,
565,Ja'Corey Brooks,WR,Free Agent,170.00,,,,,,,,,
566,James Proche,WR,Free Agent,170.00,,,,,,,,,
567,DJ Turner,WR,Free Agent,170.00,,,,,,,,,
568,Patrick Ricard,FB,NYG,170.00,,,,,,,,,
569,Nelson Agholor,WR,Free Agent,170.00 (0.10),,,,,,,,,
570,Josh Reynolds,WR,Free Agent,170.00,,,,,,,,,
571,Deuce Vaughn,RB,Free Agent,170.00,,,,,,,,,
572,Alex Bachman,WR,Free Agent,170.00,,,,,,,,,
573,Elijah Dotson,RB,Free Agent,170.00,,,,,,,,,
574,Brady Russell,FB,SEA,170.00,,,,,,,,,
575,Junior Bergen,WR,Free Agent,170.00,,,,,,,,,
576,KhaDarel Hodge,WR,SF,170.00,,,,,,,,,
577,DeeJay Dallas,RB,JAC,170.00,,,,,,,,,
578,E.J. Jenkins,TE,PHI,170.00,,,,,,,,,
579,Mecole Hardman,WR,BUF,170.00,,,,,,,,,
580,Tyler Johnson,WR,DAL,170.00,,,,,,,,,
581,Dallin Holker,TE,NO,170.00,,,,,,,,,
582,D.J. Williams,RB,Free Agent,170.00,,,,,,,,,
583,Terrace Marshall,WR,MIA,170.00,,,,,,,,,
584,Jalen Cropper,WR,NO,170.00,,,,,,,,,
585,Sean Clifford,QB,CIN,170.00,,,,,,,,,
586,Jaret Patterson,RB,LAC,170.00,,,,,,,,,
587,Ty Chandler,RB,NO,170.00,,,,,,,,,
588,C.J. Ham,FB,MIN,170.00,,,,,,,,,
589,Aidan O'Connell,QB,LV,170.00,,,,,,,,,
590,Mike Williams,WR,LAC,170.00,,,,,,,,,
591,Brittain Brown,RB,CHI,170.00,,,,,,,,,
592,Emmanuel Henderson,WR,SEA,170.00,,,,,,,,,
593,Johnny Mundt,TE,PHI,170.00,,,,,,,,,
594,Trevor Siemian,QB,Free Agent,170.00,,,,,,,,,
595,Xazavian Valladay,RB,Free Agent,170.00,,,,,,,,,
596,John Stephens,TE,Free Agent,170.00,,,,,,,,,
597,Javon Baker,WR,Free Agent,170.00,,,,,,,,,
598,Michael Burton,FB,CLE,170.00,,,,,,,,,
599,Jordan Akins,TE,Free Agent,170.00,,,,,,,,,
600,Jack Westover,TE,NE,170.00,,,,,,,,,
601,Shane Buechele,QB,BUF,170.00,,,,,,,,,
602,Xavier Smith,WR,LA,170.00,,,,,,,,,
603,Jalen Virgil,WR,Free Agent,170.00,,,,,,,,,
604,Geoff Swaim,TE,Free Agent,170.00,,,,,,,,,
605,Tahj Washington,WR,MIA,170.00,,,,,,,,,
606,Nick Vannett,TE,SEA,170.00,,,,,,,,,
607,Casey Washington,WR,CAR,170.00,,,,,,,,,
608,Aaron Shampklin,RB,Free Agent,170.00,,,,,,,,,
609,Ian Thomas,TE,LV,170.00,,,,,,,,,
610,Pharaoh Brown,TE,IND,170.00,,,,,,,,,
611,Marquez Callaway,WR,Free Agent,170.00,,,,,,,,,
612,Alex Erickson,WR,Free Agent,170.00,,,,,,,,,
613,Trey Sermon,RB,ATL,170.00,,,,,,,,,
614,Maurice Alexander,WR,CHI,170.00,,,,,,,,,
615,Jamal Agnew,WR,Free Agent,170.00,,,,,,,,,
616,Lawrence Cager,TE,WAS,170.00,,,,,,,,,
617,Davis Allen,TE,LA,170.00,,,,,,,,,
618,Bryce Ford-Wheaton,WR,Free Agent,170.00,,,,,,,,,
619,Clayton Tune,QB,Free Agent,170.00,,,,,,,,,
620,Robbie Chosen,WR,Free Agent,170.00,,,,,,,,,
621,Gabe Davis,WR,Free Agent,170.00,,,,,,,,,
622,Tanner Brown,K,NO,170.00,,,,,,,,,
623,Kendall Milton,RB,CIN,170.00,,,,,,,,,
624,Antoine Green,WR,DET,170.00,,,,,,,,,
625,Nikola Kalinic,TE,CHI,170.00,,,,,,,,,
626,Josh Cameron,WR,JAC,170.00,,,,,,,,,
627,Kearis Jackson,WR,Free Agent,170.00,,,,,,,,,
628,Riley Nowakowski,FB,PIT,170.00,,,,,,,,,
629,Will Dissly,TE,Free Agent,170.00,,,,,,,,,
630,Marcedes Lewis,TE,Free Agent,170.00,,,,,,,,,
631,Equanimeous St. Brown,WR,Free Agent,170.00,,,,,,,,,
632,Craig Reynolds,RB,Free Agent,170.00,,,,,,,,,
633,Isaiah Neyor,WR,GB,170.00,,,,,,,,,
634,Michael Wiley,RB,Free Agent,170.00,,,,,,,,,
635,Trayveon Williams,RB,Free Agent,170.00,,,,,,,,,
636,Colton Dowell,WR,Free Agent,170.00,,,,,,,,,
637,Dante Pettis,WR,BUF,170.00,,,,,,,,,
638,Tyrell Shavers,WR,BUF,170.00,,,,,,,,,
639,Dan Chisena,WR,CAR,170.00,,,,,,,,,
640,Charlie Woerner,TE,ATL,170.00,,,,,,,,,
641,Brandon Smith,WR,PIT,170.00,,,,,,,,,
642,Quentin Skinner,WR,BUF,170.00,,,,,,,,,
643,Cole Turner,TE,MIA,170.00,,,,,,,,,
644,Robbie Ouzts,FB,SEA,170.00,,,,,,,,,
645,Adam Thielen,WR,PIT,170.00,,,,,,,,,
646,Jha'Quan Jackson,WR,HOU,170.00,,,,,,,,,
647,Nick Muse,TE,ATL,170.00,,,,,,,,,
648,Brayden Narveson,K,Free Agent,170.00,,,,,,,,,
649,Troy Hairston,FB,Free Agent,170.00,,,,,,,,,
650,Andrew Beck,FB,NYJ,170.00,,,,,,,,,
651,Kendric Pryor,WR,CIN,170.00,,,,,,,,,
652,Sterling Shepard,WR,Free Agent,170.00,,,,,,,,,
653,Seydou Traore,TE,MIA,170.00,,,,,,,,,
654,Princeton Fant,TE,DAL,170.00,,,,,,,,,
655,Van Jefferson,WR,WAS,170.00,,,,,,,,,
656,Tylan Wallace,WR,CLE,170.00,,,,,,,,,
657,Dee Eskridge,WR,Free Agent,170.00,,,,,,,,,
658,Will Kacmarek,TE,MIA,170.00,,,,,,,,,
659,Phillip Dorsett,WR,LV,170.00,,,,,,,,,
660,Jeff Wilson,RB,Free Agent,170.00,,,,,,,,,
661,Marquez Valdes-Scantling,WR,DAL,170.00,,,,,,,,,
662,Greg Zuerlein,K,NYJ,170.00,,,,,,,,,
663,Josh Williams,RB,TB,170.00,,,,,,,,,
664,DeAndre Carter,WR,Free Agent,170.00,,,,,,,,,
665,Cody Schrader,RB,DEN,170.00,,,,,,,,,
666,Lewis Bond,WR,HOU,170.00,,,,,,,,,
667,Justin Shorter,WR,LV,170.00,,,,,,,,,
668,Zay Jones,WR,Free Agent,170.00,,,,,,,,,
669,Lucas Krull,TE,DEN,170.00,,,,,,,,,
670,Matthew Hibner,TE,BAL,170.00,,,,,,,,,
671,Keaontay Ingram,RB,Free Agent,170.00,,,,,,,,,
672,Jacardia Wright,RB,SEA,170.00,,,,,,,,,
673,Brycen Tremayne,WR,CAR,170.00,,,,,,,,,
674,Andre Baccellia,WR,Free Agent,170.00,,,,,,,,,
675,Kurtis Rourke,QB,SF,170.00,,,,,,,,,
676,DeAndre Hopkins,WR,Free Agent,170.00,,,,,,,,,
677,Chris Blair,WR,ATL,170.00,,,,,,,,,
678,Gavin Bartholomew,TE,MIN,170.00,,,,,,,,,
679,Hunter Renfrow,WR,Free Agent,170.00,,,,,,,,,
680,Chandler Brayboy,WR,JAC,170.00,,,,,,,,,
681,Skylar Thompson,QB,BAL,170.00,,,,,,,,,
682,Josh Cuevas,TE,BAL,170.00,,,,,,,,,
683,Austin Trammell,WR,JAC,170.00,,,,,,,,,
684,CJ Williams,WR,JAC,170.00,,,,,,,,,
685,Hayden Rucci,TE,SF,170.00,,,,,,,,,
686,Brady Cook,QB,NYJ,170.00,,,,,,,,,
687,Colson Yankoff,TE,WAS,170.00,,,,,,,,,
688,Brenden Bates,TE,CLE,170.00,,,,,,,,,
689,Deonte Harty,WR,Free Agent,170.00,,,,,,,,,
690,Jalen Reagor,WR,MIA,170.00,,,,,,,,,
691,Feleipe Franks,TE,CAR,170.00,,,,,,,,,
692,Malik Cunningham,WR,DET,170.00,,,,,,,,,
693,Kene Nwangwu,RB,NYJ,170.10,,,,,,,,,
694,Dylan Laube,RB,LV,170.10 (-0.10),,,,,,,,,
695,Jerry Jeudy,WR,CLE,161.60 (0.10),173.50,,,172.02 (-11.64),184.90 (-6.70),159.25 (1.01),191.00 (-0.92),180.99 (0.61),197.65 (-7.04)
696,Tre Tucker,WR,LV,168.30 (-0.20),207.20,,,196.18 (0.43),158.10 (-2.60),166.48 (2.47),174.37 (-0.46),168.01 (0.69),179.77 (-1.37)
697,MarShawn Lloyd,RB,GB,170.70,,,,151.71 (2.71),171.80 (18.50),185.19 (3.35),160.36 (9.23),224.65 (8.36),174.79 (11.62)
698,Malik Washington,WR,MIA,170.10,,,,177.45 (9.27),174.00 (9.10),170.58 (8.45),193.66 (10.15),199.78 (2.61),198.40 (4.56)
699,Adonai Mitchell,WR,NYJ,169.50 (0.10),177.90,,,190.63 (6.67),172.20 (0.30),188.90 (-2.98),190.42 (4.08),200.27 (2.54),192.81 (2.58)
700,Tre Harris,WR,LAC,170.90 (-0.20),194.50,,,187.56 (6.59),163.10 (2.40),212.29 (0.85),188.20 (7.98),177.10 (1.57),191.17 (5.48)
701,Jaydon Blue,RB,DAL,170.10,236.60,,,160.88 (7.16),171.00 (14.40),180.96 (1.99),168.14 (6.66),220.82 (7.17),179.54 (6.23)
702,Braelon Allen,RB,NYJ,170.60 (-0.50),174.10,,,174.55 (-0.82),212.80 (0.20),175.49 (-1.46),188.56 (0.59),213.11 (-0.59),195.93 (4.94)
703,Tank Dell,WR,HOU,167.90 (1.40),206.70,,,169.56 (13.00),180.10 (4.80),183.53 (5.39),190.44 (5.76),229.69 (2.70),190.69 (6.99)
704,Nicholas Singleton,RB,TEN,170.30 (-0.10),176.40,,,183.14 (9.40),204.30 (5.20),178.43 (-4.12),215.61 (0.11),203.68 (0.09),231.59 (5.69)
705,Ryan Flournoy,WR,DAL,170.20,227.60,,,205.68 (-6.68),163.10 (-0.50),182.45 (0.05),191.28 (0.27),194.94 (2.95),198.70 (-2.58)
706,Antonio Williams,WR,WAS,170.80 (-0.70),168.10,,,214.33 (-38.95),197.60 (-24.10),176.64 (-4.67),211.51 (-28.07),198.46 (-1.12),224.83 (-34.70)
707,Ray Davis,RB,BUF,170.60 (0.30),208.60,,,178.24 (2.61),187.50 (0.70),189.60 (-1.63),188.93 (8.67),215.76 (3.56),198.29 (12.81)
708,Kaytron Allen,RB,WAS,170.40 (-0.10),181.20,,,191.78 (-10.63),210.80 (-7.40),180.97 (-5.28),202.18 (-8.81),203.77 (-0.03),209.23 (-8.03)
709,Kayshon Boutte,WR,NE,170.50 (0.10),178.70,,,174.75 (8.87),197.00,189.71 (3.62),220.81 (7.65),211.53 (2.33),221.96 (6.53)
710,Sean Tucker,RB,TB,170.20,192.80,,,178.95 (-1.03),196.00 (-6.80),185.06 (-3.23),214.58 (-3.13),212.52 (-0.57),206.62 (0.33)
711,Donovan Edwards,RB,MIA,170.00,,,,,216.00,,,,
712,Elijah Moore,WR,PHI,170.00,,,,,216.00,,,,
713,Cooper Rush,QB,ATL,170.00,,,,,216.00,,,,
714,Xavier Restrepo,WR,TEN,170.00,,,,,216.00,,,,
715,Simi Fehoko,WR,ARI,170.00,,,,,216.00,,,,
716,Ray-Ray McCloud,WR,CHI,170.00,,,,,216.00,,,,
717,Reggie Virgil,WR,ARI,170.00,,,,,216.00,,,,
718,Marlin Klein,TE,HOU,170.00,,,,,216.00,,,,
719,Dare Ogunbowale,RB,LV,170.00,,,,,216.00,,,,
720,Brevin Jordan,TE,HOU,170.00,,,,,216.00,,,,
721,Brevyn Spann-Ford,TE,DAL,170.00,,,,,216.00,,,,
722,Ricky White,WR,SEA,170.00,,,,,216.00,,,,
723,Tyler Goodson,RB,ATL,170.00,,,,,216.00,,,,
724,David Sills,WR,TB,170.00,,,,,216.00,,,,
725,Jalen Brooks,WR,ARI,170.00,,,,,216.00,,,,
726,Cedrick Wilson,WR,DET,170.00,,,,,216.00,,,,
727,Raheem Blackshear,RB,DET,170.00,,,,,216.00,,,,
728,Tanner Koziol,TE,JAC,170.00,,,,,216.00,,,,
729,Drew Sample,TE,CIN,170.00,,,,,216.00,,,,
730,Payne Durham,TE,TB,170.00,,,,,216.00,,,,
731,Gunnar Helm,TE,TEN,170.20 (-0.10),200.80,,,209.03 (-7.07),186.20 (-5.00),199.43 (2.26),171.38 (-3.08),215.67 (-0.49),173.13 (-4.50)
732,Kimani Vidal,RB,LAC,170.40 (-0.10),181.10,,,194.36 (-0.17),208.50 (5.00),196.96 (-1.26),204.77 (4.33),199.46 (0.54),209.87 (10.13)
733,Jacoby Brissett,QB,ARI,170.10 (-0.10),200.90,,,237.43 (2.79),197.50 (-5.50),184.40 (-3.84),189.91 (-10.68),188.28 (-3.05),91.67 (-2.71)
734,Zachariah Branch,WR,ATL,170.10 (0.10),180.40,,,194.87 (1.21),177.70 (3.70),199.59 (0.97),218.20 (11.62),228.65 (2.97),215.09 (8.90)
735,Calvin Ridley,WR,TEN,167.20 (0.10),227.70,,,170.26 (12.01),192.20 (-4.20),175.03 (-0.46),210.37 (-4.59),229.58 (-0.64),204.88 (-3.48)
736,Kaelon Black,RB,SF,170.50 (-0.30),,,,174.10 (2.05),208.60 (-7.90),188.49 (-4.55),200.96 (-2.01),235.50 (3.28),210.18 (4.38)
737,Justice Hill,RB,BAL,170.80 (-0.20),,,,173.86 (12.45),213.50 (0.60),177.87 (0.16),190.51 (1.82),254.20 (1.76),189.50 (4.77)
738,Dontayvion Wicks,WR,PHI,170.50,,,,200.85 (11.43),175.80 (13.50),195.33 (2.99),206.64 (21.84),234.33 (6.16),205.23 (25.82)
739,Cade Otton,TE,TB,170.30 (0.20),162.70,,,260.75 (-25.00),190.20 (-1.30),208.33 (5.11),182.16 (-0.45),227.40 (-1.64),170.59 (-1.87)
740,Jordan James,RB,SF,170.70 (-0.20),,,,179.93 (1.80),213.40 (0.10),200.29 (-5.34),212.73 (-15.49),237.88 (-1.19),231.28 (-14.93)
741,Geno Smith,QB,NYJ,170.30 (0.10),,,,253.00,186.90 (-1.00),202.66 (-5.16),198.92 (-4.36),205.73 (-3.05),97.67 (4.79)
742,Demond Claiborne,RB,MIN,170.30,218.30,,,173.55 (-2.28),214.10 (-0.10),204.16 (1.76),212.57 (-3.52),230.00 (3.12),225.03 (-7.21)
743,George Holani,RB,SEA,170.30 (-0.10),,,,187.07 (-10.34),213.70 (-1.20),197.20 (-1.36),225.64 (-6.02),241.82 (3.44),247.68 (-13.80)
744,Ja'Kobi Lane,WR,BAL,169.20 (0.50),166.60 (31.20),,,200.94 (25.69),187.70 (26.90),232.55 (9.95),245.43 (93.37),277.58 (5.50),246.69 (93.29)
745,Jake Tonges,TE,SF,170.60 (0.20),191.40,,,240.72 (-7.86),214.70 (-0.10),212.58 (3.05),216.66 (7.12),239.62 (-0.43),227.43 (2.64)
746,Cyrus Allen,WR,KC,169.80 (-0.10),,,,205.71 (6.04),,207.49 (-0.31),218.47 (61.72),265.76 (5.94),234.63 (72.97)
747,Joe Mixon,RB,Free Agent,170.00,204.60,,,204.00 (59.00),216.00 (-0.10),,,273.65 (0.01),
748,Tua Tagovailoa,QB,ATL,170.00 (0.40),236.50,,,224.00 (-16.00),207.40 (1.80),221.00 (-1.44),215.32 (-6.15),223.74 (-2.45),115.93 (-1.63)
749,Alexander Mattison,RB,Free Agent,170.00,,,,262.75 (-14.00),,,,,
750,Colby Parkinson,TE,LA,170.60 (0.40),200.20,,,261.50 (-22.25),210.20 (0.70),226.92 (1.48),229.59 (-1.20),230.40 (-1.73),203.19 (1.15)
751,Dillon Gabriel,QB,CLE,170.00,,,,,216.00,,,272.92 (-0.02),
752,Mitchell Tinsley,WR,CIN,169.90 (0.10),,,,,216.00,,,273.10 (0.01),
753,Jeremy McNichols,RB,WAS,170.00,,,,,216.00,,,273.02 (0.01),
754,Josh Whyle,TE,GB,170.00,,,,,216.00,,,273.09,
755,Josh Oliver,TE,MIN,170.00 (-0.10),,,,,216.00,,,273.10 (0.02),
756,Evan Engram,TE,DEN,170.20 (0.30),,,,249.60 (-2.10),211.20 (0.90),221.35 (2.00),204.99 (-0.17),260.93 (0.72),186.72 (-2.72)
757,Skyy Moore,WR,GB,170.00,,,,,216.00,,,273.14,
758,Jordan Watkins,WR,SF,170.00,,,,,216.00,,,273.17 (0.03),
759,Riley Leonard,QB,IND,170.00,,,,,216.00,,,273.18 (0.03),
760,Sam Roush,TE,CHI,170.00,,,,,216.00,,,273.18 (-0.08),
761,Roschon Johnson,RB,CHI,170.00,,,,,216.00,,,273.19 (-0.04),
762,Jimmy Horn,WR,CAR,169.90 (0.10),,,,,216.00,,,273.30 (0.06),
763,Derek Carr,QB,NO,170.00,,,,,216.00,,,273.23 (0.05),
764,Nick Chubb,RB,Free Agent,169.90 (0.10),,,,,216.00,,,273.36 (0.06),
765,Konata Mumpfield,WR,LA,170.00,,,,,216.00,,,273.28 (-0.06),
766,KeAndre Lambert-Smith,WR,LAC,170.00,,,,,216.00,,,273.28 (0.06),
767,Isaiah Williams,WR,NYJ,170.00,,,,,216.00,,,273.30 (0.05),
768,Luke Musgrave,TE,GB,169.90,,,,,216.00,,,273.70 (0.13),
769,Tai Felton,WR,MIN,170.00 (-0.10),,,,,216.00,,,273.61 (-0.44),
770,Efton Chism,WR,NE,169.90,,,,,216.00,,,273.73 (0.03),
771,Elijah Higgins,TE,ARI,169.90 (0.10),,,,,216.00,,,273.75 (0.06),
772,Noah Fant,TE,NO,170.00,,,,,216.00,,,273.71 (0.01),
773,Dyami Brown,WR,WAS,170.20,,,,,216.00,,,273.52 (0.10),
774,Xavier Hutchinson,WR,HOU,170.00,,,,,216.00,,,273.80 (0.04),
775,Rasheen Ali,RB,BAL,170.00,,,,,216.00,,,274.05,
776,Savion Williams,WR,GB,170.10,,,,,215.90,,,274.48 (0.10),
777,Jalen Royals,WR,KC,170.00,,,,,216.00,,,274.67 (-0.17),
778,KaVontae Turpin,WR,DAL,169.90 (-0.10),,,,,215.90,,,274.91 (-0.01),
779,Tommy Tremble,TE,CAR,170.00 (-0.10),,,,,216.00,,,274.75 (0.15),
780,Darren Waller,TE,Free Agent,170.00,,,,,216.00,,,274.79 (0.26),
781,Nick Westbrook-Ikhine,WR,IND,170.00 (0.10),,,,,215.90 (0.10),,,274.97 (-0.10),
782,Jaylen Wright,RB,MIA,170.30 (-0.20),215.10,,,207.03 (-2.64),215.60 (-0.10),221.82 (-2.36),268.33 (-1.71),244.20 (0.24),291.96 (1.22)
783,Cedric Tillman,WR,CLE,170.00 (-0.10),,,,,216.00,,,275.09 (0.33),
784,Joe Milton,QB,DAL,169.90,,,,,216.00,,,275.65 (-0.18),
785,Germie Bernard,WR,PIT,170.40 (-0.30),220.80,,,236.81 (-14.58),201.40 (-8.70),196.46 (-2.07),261.87 (-13.72),255.94 (-0.48),236.46 (-9.85)
786,Albert Okwuegbunam,TE,LV,170.00,,,,,,,,272.91 (-0.02),
787,Isaiah Hodgins,WR,NYG,170.00,,,,,,,,273.04 (0.01),
788,Eli Stowers,TE,PHI,169.90 (0.10),173.90,,,254.00 (-17.60),213.70 (-3.50),235.43 (-0.16),246.84 (-19.74),256.90 (-2.26),218.76 (-14.33)
789,Miles Sanders,RB,Free Agent,170.00,,,,,,,,273.07 (0.01),
790,Nate Carter,RB,ATL,170.00,,,,,,,,273.07 (0.01),
791,Durham Smythe,TE,BAL,170.00,,,,,,,,273.07,
792,Carson Wentz,QB,MIN,170.00,,,,,,,,273.08 (0.02),
793,Tim Patrick,WR,NYJ,170.00,,,,,,,,273.08 (0.01),
794,Devin Duvernay,WR,ARI,170.00,,,,,,,,273.08,
795,Will Levis,QB,TEN,170.00,,,,,,,,273.08 (0.01),
796,Jeremy Ruckert,TE,NYJ,170.00,,,,,,,,273.09,
797,Jonathan Mingo,WR,DAL,170.00 (-0.10),,,,,,,,273.09 (0.02),
798,Joshua Dobbs,QB,DET,170.00,,,,,,,,273.09,
799,Garrett Nussmeier,QB,KC,170.00,,,,,,,,273.09 (0.02),
800,Raheem Mostert,RB,Free Agent,170.00,,,,,,,,273.09 (0.02),
801,Arian Smith,WR,NYJ,170.00,,,,,,,,273.10 (0.02),
802,Tyler Conklin,TE,DET,170.00,,,,,,,,273.13 (0.03),
803,Rashod Bateman,WR,BAL,170.80,232.70,,,248.67 (-9.00),201.10 (2.00),214.17 (5.89),221.93 (8.30),261.59 (3.89),210.44 (1.54)
804,Pierre Strong,RB,GB,170.00,,,,,,,,273.15 (0.03),
805,Tyler Badie,RB,DEN,170.10,,,,,,,,273.08 (0.02),
806,Jake Bobo,WR,SEA,170.00 (-0.10),,,,,,,,273.18 (0.03),
807,Frank Gore,RB,BUF,170.00,,,,,,,,273.19 (0.03),
808,Jahdae Walker,WR,CHI,169.90,,,,,,,,273.32 (-0.05),
809,Lan Larison,RB,NE,170.00,,,,,,,,273.26 (-0.07),
810,Tanner McKee,QB,PHI,170.00,,,,,,,,273.26 (0.05),
811,Jimmy Garoppolo,QB,Free Agent,170.00,,,,,,,,273.27 (0.05),
812,Raheim Sanders,RB,CLE,170.00,,,,,,,,273.40 (0.07),
813,Kenny McIntosh,RB,Free Agent,170.00,,,,,,,,273.42 (0.08),
814,Jam Miller,RB,NE,170.00,,,,,,,,273.44 (0.01),
815,Jacob Cowing,WR,SF,170.00,,,,,,,,273.69 (0.12),
816,Zonovan Knight,RB,ARI,170.10,,,,,,,,273.62 (0.11),
817,Kyle Williams,WR,NE,169.90,222.10,,,,216.00,,,280.15 (-0.28),
818,Gardner Minshew,QB,ARI,170.00,,,,,,,,274.15 (0.12),
819,Marvin Mims,WR,DEN,170.00 (0.10),219.50,,,,215.90,,,284.28 (0.33),
820,Darnell Mooney,WR,NYG,170.60 (-0.20),221.10,,,246.20 (-33.77),208.40 (-7.60),215.54 (-3.10),263.18 (-18.91),232.78 (-0.79),276.39 (-34.43)
821,Samaje Perine,RB,CIN,170.70 (0.10),,,,234.19 (-7.65),215.30 (0.30),201.38 (1.76),242.49 (4.65),274.03 (0.97),244.29 (11.92)
822,Emanuel Wilson,RB,SEA,170.30 (0.20),203.30,,,224.78 (-0.93),215.90,208.72 (-4.50),329.95 (-7.73),208.48 (-5.08),336.84 (0.56)
823,Shedeur Sanders,QB,CLE,169.20 (0.20),225.80,,,,213.30 (-1.10),236.06 (1.35),239.96 (-1.10),259.42 (-0.22),151.64 (1.62)
824,Troy Franklin,WR,DEN,170.70 (0.30),184.70,,,239.86 (-18.86),214.30 (-0.60),235.36 (2.31),303.40 (-1.42),223.16 (-1.84),293.46 (4.38)
825,Pat Bryant,WR,DEN,170.90 (0.30),222.50,,,244.44 (-1.71),191.10 (14.20),215.68 (2.57),263.35 (38.34),263.54 (3.76),251.42 (32.53)
826,Kendre Miller,RB,NO,170.20 (-0.10),224.80,,,,216.00,241.00,,274.20 (-0.11),
827,Cooper Kupp,WR,SEA,168.80 (0.10),235.20,,,257.00 (-23.29),209.50 (-0.60),205.72 (3.67),260.00 (4.62),242.42 (-0.10),246.16 (-2.04)
828,Kirk Cousins,QB,LV,170.00 (0.10),,,,258.00 (-16.00),215.10 (-0.30),209.77 (-0.67),254.48 (-3.31),255.51 (-0.45),159.98 (2.62)
829,Keenan Allen,WR,IND,169.90 (0.10),233.20,,,252.17 (-27.04),206.90 (0.20),222.79 (4.38),239.13 (10.85),266.90 (1.49),224.38 (0.08)
830,Brandon Aiyuk,WR,SF,170.80 (-0.10),190.20,,,252.33 (-8.93),215.80 (-0.20),211.57 (-4.12),339.83 (-5.23),221.03 (-7.92),336.10 (-12.84)
831,Deshaun Watson,QB,CLE,170.00,,,,,215.20 (0.10),236.42 (-4.63),264.48 (-12.14),259.51 (-0.84),165.65 (-12.67)
832,Devin Neal,RB,NO,170.00,211.90,,,268.00 (-14.50),216.00,,,281.00 (0.71),
833,Malachi Fields,WR,NYG,169.90 (0.10),242.40,,,190.28 (6.88),210.10 (4.40),226.65 (-1.28),320.26 (15.61),247.46 (0.36),334.28 (9.79)
834,Michael Penix,QB,ATL,170.00,227.90,,,,215.40 (-0.20),236.62 (-2.56),275.69 (-5.30),254.79 (-1.56),174.66 (-11.60)
835,Ted Hurst,WR,TB,170.30 (-0.10),223.50,,,247.92 (-11.92),201.60 (2.20),234.22 (1.06),271.83 (21.84),265.44 (2.62),270.21 (18.67)
836,Michael Trigg,TE,DAL,170.00,249.70,,,,,,,273.18 (0.04),
837,Kevin Coleman,WR,MIA,170.00,,,,264.00 (-9.00),216.00,,,273.96 (0.12),
838,Mike Gesicki,TE,CIN,170.40 (0.30),,,,263.25 (-12.25),209.30 (-2.90),237.00 (0.06),235.18 (-6.12),270.89 (-0.15),197.75 (-4.57)
839,Ty Johnson,RB,BUF,170.40 (-0.10),,,,203.91 (-2.82),215.90 (-0.20),226.23 (1.46),295.32 (-6.35),276.00 (0.38),294.32 (5.83)
840,Andres Borregales,K,NE,169.90 (0.40),184.00,,,243.04 (-11.66),,,331.84 (-1.56),,
841,Ashton Dulin,WR,IND,170.00,,,,274.00,216.00,,,273.43 (-0.04),
842,Emari Demercado,RB,KC,170.30 (-0.10),,,,229.44 (-6.96),215.80,236.47 (-0.09),284.35 (2.37),264.69 (1.69),308.70 (19.69)
843,Tory Horton,WR,SEA,170.80 (0.20),228.70,,,,213.10 (-0.30),235.43 (-7.10),301.02 (13.69),267.39 (0.15),308.08 (17.24)
844,Christian Kirk,WR,SF,170.50 (0.60),241.70,,,238.00 (-6.45),215.40 (-0.60),231.39 (2.97),314.59 (-21.83),241.99 (-1.18),308.99 (-21.90)
845,Tyquan Thornton,WR,KC,170.20 (-0.10),,,,253.33,212.70 (-2.30),222.57 (-0.63),285.87 (-8.58),276.90 (0.81),272.10 (0.69)
846,Mason Taylor,TE,NYJ,169.90,224.30,,,274.33 (-25.33),215.70 (0.20),239.20,267.41 (14.67),271.08 (-1.13),234.75 (30.81)
847,Jerome Ford,RB,WAS,170.00,,,,265.00 (-22.00),,,,277.29 (0.44),
848,Keon Coleman,WR,BUF,170.20 (-0.10),234.80,,,239.06 (-11.06),211.80 (-0.60),235.20 (-2.49),310.07 (0.31),264.84 (0.59),288.59 (15.39)
849,Carson Beck,QB,ARI,169.50 (0.50),,,,277.00,213.80 (2.00),220.81,271.94 (22.78),276.48 (0.08),182.22 (36.72)
850,Adam Randall,RB,BAL,170.30,,,,233.54 (-6.66),215.80,216.32 (-8.08),319.36 (5.95),274.35 (0.24),319.91 (2.30)
851,Theo Johnson,TE,NYG,170.30 (0.10),232.20,,,,215.80 (-0.20),,303.89 (-9.84),270.14 (-1.73),285.35 (-13.96)
852,Jaylin Noel,WR,HOU,171.30 (-0.20),213.70,,,252.50,215.30 (-0.60),235.26 (-3.50),314.70 (-26.37),268.29 (-1.10),292.54 (-31.99)
853,Ollie Gordon,RB,MIA,170.30,,,,227.60 (9.90),215.70 (0.10),234.78 (1.13),307.83 (26.58),276.41 (2.06),323.83 (19.30)
854,Chris Bell,WR,MIA,171.10 (-0.30),231.40,,,247.58 (-8.29),214.40 (0.30),207.00 (-5.50),335.03 (-26.67),265.85 (-1.37),331.69 (-19.23)
855,Elic Ayomanor,WR,TEN,170.00,199.80,,,,215.70,235.92 (1.25),346.17 (2.07),269.07 (-1.91),346.13 (-0.42)
856,Elijah Sarratt,WR,BAL,170.20 (-0.10),229.20,,,218.00 (36.00),214.00 (-4.20),219.21 (-2.02),346.40 (-11.37),280.10 (-0.57),344.35 (-14.96)
857,Trey Benson,RB,ARI,169.90 (0.10),182.20,,,262.56 (-13.06),216.00,238.90,345.05 (-1.08),265.85 (-2.02),347.63 (-0.39)
858,Michael Mayer,TE,LV,170.10,,,,273.00 (-16.00),215.10 (-0.10),238.86 (-3.86),262.02 (-3.11),282.20 (0.65),232.07 (-12.68)
859,LeQuint Allen,RB,JAC,170.30,,,,229.08 (-11.61),215.70,240.75 (0.89),316.23 (-3.48),271.17 (1.19),320.68 (-9.57)
860,Arizona Cardinals,DST,ARI,169.70,273.00,,,,,,,279.25 (-0.87),
861,J.J. McCarthy,QB,MIN,169.70,224.20,,,,215.90 (-0.20),240.38 (-1.98),315.60 (-7.11),278.27 (-0.80),260.21 (-16.80)
862,DJ Giddens,RB,IND,170.20 (-0.10),,,,240.33 (-12.52),215.80 (-1.00),235.62 (2.09),304.91 (-15.98),278.71 (0.33),326.40 (-8.02)
863,Caleb Douglas,WR,MIA,170.40 (-0.10),,,,249.54 (-11.37),211.60 (2.70),233.75 (0.90),310.11 (23.26),277.17 (0.98),304.50 (23.30)
864,Jalen Tolbert,WR,MIA,170.40 (-0.10),,,,221.24 (-4.99),215.70 (-0.20),241.40,334.92 (-5.47),274.51 (0.53),343.88 (-14.79)
865,Mac Jones,QB,SF,169.90,,,,,215.90 (0.10),,316.83 (-9.12),275.07 (-0.60),276.67 (-9.19)
866,Seth McGowan,RB,IND,170.20,,,,241.62 (2.93),215.20 (0.80),235.64 (-2.83),329.85 (16.45),277.08 (1.06),344.06
867,Drew Allar,QB,PIT,169.90,,,,,216.00,,349.27,,347.77
868,Taylen Green,QB,CLE,170.00,,,,,216.00,,349.48,,347.60
869,Ameer Abdullah,RB,JAC,170.00,,,,,216.00,,349.58,,
870,Andrei Iosivas,WR,CIN,170.30 (-0.20),,,,232.00,215.10 (0.10),232.33 (-0.63),342.07 (4.21),279.72 (0.17),344.12 (1.42)
871,Erick All,TE,CIN,170.00,,,,,215.60 (-0.20),239.45 (5.55),327.27 (4.59),275.83 (-0.86),314.34 (13.72)
872,Chris Brooks,RB,GB,170.20,,,,239.67 (-12.22),216.00,231.28 (-2.94),344.55 (-17.77),272.44 (-1.23),348.80 (-3.46)
873,Darnell Washington,TE,PIT,169.40 (0.20),,,,275.00,215.20 (-0.30),235.75,298.10 (-12.16),281.35 (0.12),272.39 (-7.11)
874,John Metchie,WR,CAR,170.00,,,,,216.00,,325.86 (3.24),273.89 (0.17),330.57 (5.45)
875,Chimere Dike,WR,TEN,170.50 (0.50),229.40,,,265.75 (-24.55),215.80,236.82 (1.09),348.65 (0.98),258.31 (-3.20),
876,Kaleb Johnson,RB,PIT,170.00 (0.10),217.50,,,255.83 (-23.33),216.00,236.68 (1.00),349.11 (-2.94),282.18 (0.31),348.80 (-4.59)
877,Devaughn Vele,WR,NO,170.70 (0.40),239.80,,,244.87 (-9.37),215.20 (-0.30),236.83 (4.00),343.93 (-2.55),277.27 (-0.68),346.67 (-11.63)
878,Najee Harris,RB,NYG,170.00,212.30,,,258.75 (-12.89),215.90,246.43,344.77 (-1.61),280.70 (0.15),347.58 (-1.84)
879,Justin Fields,QB,KC,169.90,,,,,215.90,236.38 (1.62),334.58 (-0.48),280.08 (-0.27),312.34 (-2.52)
880,Isaiah Davis,RB,NYJ,170.30 (-0.10),,,,250.12 (-9.58),216.00 (-0.20),239.61 (-0.53),336.54 (-23.87),271.75 (0.23),346.56 (-5.27)
881,Odell Beckham,WR,NYG,169.10 (0.20),,,,254.00,215.90,225.22,349.23 (0.42),274.01 (-0.09),348.83
882,Charlie Kolar,TE,LAC,170.00,,,,,214.80 (0.50),,332.66 (-4.77),274.68 (-0.12),325.92 (-0.54)
883,Hollywood Brown,WR,PHI,169.90 (0.10),,,,,215.90 (-0.10),237.83,347.39 (-0.20),269.52 (-0.73),348.85 (-3.09)
884,Eli Raridon,TE,NE,169.90,,,,268.50 (-7.50),215.40 (0.10),,310.54 (3.20),276.96 (-0.82),310.07 (1.95)
885,Devin Singletary,RB,NYG,170.10,,,,235.46 (-8.13),216.00,234.67,349.92 (-0.21),284.28 (-0.18),
886,Dawson Knox,TE,BUF,169.80,,,,,215.70 (0.10),,326.90 (-5.60),282.03 (-0.19),317.08 (-13.84)
887,Ja'Tavion Sanders,TE,CAR,170.00,,,,,215.90 (-0.10),,327.27 (-13.42),282.73 (-0.41),314.57 (-13.44)
888,Bryce Lance,WR,NO,170.00,,,,257.00 (-16.00),216.00,224.33 (-7.24),349.27 (-0.91),277.55 (0.11),348.86 (-0.52)
889,Skyler Bell,WR,BUF,169.90,,,,243.92 (-10.78),215.70 (-0.20),238.73 (-3.13),345.64 (-5.17),280.56 (0.34),346.15 (-3.42)
890,Brashard Smith,RB,KC,170.10,226.30,,,268.50,215.90 (0.10),238.06 (-0.61),347.11 (2.26),282.56 (-0.47),348.66 (-0.20)
891,Elijah Arroyo,TE,SEA,169.90,,,,,215.80 (0.10),,329.79 (4.39),284.76 (0.26),330.98 (8.96)
892,Jack Bech,WR,LV,171.30,238.20,,,270.00 (-23.14),215.60 (-0.10),236.70 (-3.22),343.09 (-9.11),276.02 (-0.41),
893,Ty Simpson,QB,LA,169.90,241.80,,,,216.00,,343.90 (1.14),279.18 (0.44),332.61 (5.88)
894,Barion Brown,WR,NO,170.00,,,,265.00,215.90 (0.10),,349.76,,348.87
895,Theo Wease,WR,MIA,170.00,,,,,216.00,,341.75 (-3.97),273.13 (0.02),337.87 (-1.72)
896,Jahan Dotson,WR,ATL,170.20,,,,258.38 (-18.18),215.70,229.00,346.39 (0.05),281.90 (-0.02),340.72 (3.18)
897,Xavier Legette,WR,CAR,170.90 (-0.20),,,,255.80,215.30 (-0.60),231.16 (-0.30),343.02 (-1.20),285.52 (0.59),344.08 (-2.63)
898,Joe Flacco,QB,CIN,169.90 (0.10),,,,,216.00,,332.59 (-0.96),282.65 (-0.27),316.72 (-9.50)
899,Devontez Walker,WR,BAL,169.90,,,,242.00,215.90 (-0.10),,348.73 (-2.17),276.29 (-0.32),
900,Cade Klubnik,QB,NYJ,170.00 (-0.10),,,,,216.00,,344.09 (-1.60),273.23 (-0.14),335.40 (-7.14)
901,Trevor Etienne,RB,CAR,170.10,,,,244.00 (-16.00),216.00,,349.74 (-0.15),275.85 (0.23),
902,Kendrick Bourne,WR,ARI,170.00,,,,,215.90,239.63 (-1.96),347.46 (-0.25),282.81 (0.14),341.90 (-3.46)
903,Malik Davis,RB,DAL,170.10 (-0.10),,,,268.00 (-21.50),216.00 (-0.10),235.33 (-2.20),342.30 (-1.29),275.40 (-1.11),347.59 (-6.03)
904,Jameis Winston,QB,NYG,169.90,,,,,216.00,,338.45 (-2.67),281.16 (-0.23),315.55 (-2.73)
905,Luke McCaffrey,WR,WAS,169.90 (0.10),,,,245.00,216.00 (-0.10),,349.49 (-0.78),276.50 (-0.13),348.86
906,AJ Dillon,RB,CAR,170.00,,,,,216.00,,346.61 (1.17),273.04,
907,Kareem Hunt,RB,Free Agent,170.00,,,,255.00 (-22.33),216.00 (-0.10),,339.13 (2.52),277.18 (0.99),337.91 (-0.63)
908,Tampa Bay Buccaneers,DST,TB,169.40 (-0.20),232.40,,,,,,349.33 (-1.10),255.30 (-1.82),
909,Indianapolis Colts,DST,IND,169.90 (0.40),219.00,,,273.00,,,348.80 (0.63),247.66 (-1.80),
910,Olamide Zaccheaus,WR,ATL,170.00,,,,,216.00,240.83,349.45 (0.24),282.68 (0.37),347.46 (1.09)
911,CJ Daniels,WR,LA,170.00,,,,,216.00 (-0.10),,348.18 (1.52),273.43,346.44 (2.18)
912,Nick Mullens,QB,JAC,170.00 (0.10),,,,,216.00,,347.43 (1.06),274.62 (0.20),347.69
913,Khalil Herbert,RB,SF,170.00,,,,,216.00,,348.91 (0.12),273.18,
914,Phil Mafah,RB,DAL,170.00,,,,259.00,216.00,244.40,348.22 (-0.47),275.02 (0.16),
915,Deion Burks,WR,IND,170.00,,,,,216.00,,348.93 (0.02),273.58 (0.10),
916,Jalen Milroe,QB,SEA,169.90 (0.10),,,,,216.00 (-0.10),,349.72 (-0.02),273.03 (-0.09),
917,Mitchell Evans,TE,CAR,170.00,,,,,215.90 (0.10),,349.50 (-0.09),273.27 (-0.15),347.66
918,Roman Wilson,WR,PIT,169.90 (0.10),,,,,215.80,,348.71 (1.00),274.26 (-0.80),346.58
919,Brock Wright,TE,DET,169.90,,,,,216.00,,349.76,273.06 (0.01),
920,Sione Vaki,RB,DET,170.00,,,,,216.00,,349.52 (0.17),273.21 (-0.06),347.78
921,Austin Hooper,TE,ATL,170.00,,,,,216.00,,349.66,273.19 (0.04),
922,Jacob Saylors,RB,DET,170.00,,,,,216.00,,349.66,273.29 (0.05),
923,Max Klare,TE,LA,170.00,248.80,,,,216.00,,348.97 (-1.20),277.52 (0.53),
924,Jaleel McLaughlin,RB,DEN,170.00,,,,,216.00,,349.47 (0.19),273.64 (0.11),
925,Jaylin Lane,WR,WAS,170.10 (-0.10),,,,,216.00,,349.76,273.34 (0.06),348.87
926,Dont'e Thornton,WR,LV,170.00,,,,,216.00,,349.46,273.85 (0.10),
927,Kalif Raymond,WR,CHI,169.90 (0.10),,,,,215.90,,348.60 (1.09),274.94 (-0.54),347.66
928,Taysom Hill,TE,Free Agent,170.00,,,,,216.00 (-0.10),,349.49 (-1.48),273.88 (-0.34),348.84 (-3.27)
929,Damien Martinez,RB,GB,170.00,,,,,216.00,,349.76,273.67 (0.12),
930,Quinn Ewers,QB,MIA,169.90,,,,,216.00,,349.72 (-0.02),273.93 (0.17),348.70 (-0.08)
931,Jawhar Jordan,RB,HOU,170.20 (-0.10),,,,,216.00,,349.50,273.95 (-0.10),
932,Jordan Whittington,WR,LA,169.90,,,,,216.00,,349.75,274.01 (-0.25),
933,Greg Dortch,WR,DET,170.00,,,,,215.90 (0.10),,349.76,274.03 (-0.29),
934,Jarrett Stidham,QB,DEN,170.00,,,,,216.00,,349.25 (0.13),274.60 (0.19),
935,Colbie Young,WR,CIN,170.00,,,,,215.90 (0.10),,348.94 (0.67),275.01 (0.13),347.45
936,Demarcus Robinson,WR,SF,170.00,,,,,216.00,,349.19 (-0.18),274.66 (-0.13),348.84 (-0.18)
937,Carolina Panthers,DST,CAR,169.80 (-0.10),238.40,,,,,,349.61 (-0.60),252.29 (-1.79),
938,Kyle Allen,QB,BUF,169.90 (0.10),,,,,216.00,,349.50 (-0.43),274.72 (-0.22),
939,Zavion Thomas,WR,CHI,169.90,,,,,215.70 (-0.10),,347.89 (0.18),276.64 (-0.30),348.86 (-3.06)
940,Joshua Palmer,WR,BUF,169.90,,,,,215.90,,348.02 (1.30),276.59 (-1.08),
941,Daniel Bellinger,TE,TEN,170.00,,,,,216.00,,349.95,274.63 (0.30),
942,Jarquez Hunter,RB,LA,170.00,240.60,,,264.00 (-34.00),216.00,,349.75 (-0.08),275.69 (0.25),
943,Ben Sinnott,TE,WAS,170.00,,,,,216.00,,349.75 (-0.40),275.14 (0.28),
944,Oscar Delp,TE,NO,170.00,,,,251.75 (-23.25),216.00 (-0.10),,345.85 (-0.61),280.64 (-0.05),342.90 (-0.31)
945,Justin Joly,TE,DEN,170.00,,,,,216.00,,348.27 (-0.82),277.14 (0.16),346.62 (-2.33)
946,New Orleans Saints,DST,NO,169.90 (0.20),244.60,,,266.00,,,347.57 (0.45),236.73 (-1.34),
947,Treylon Burks,WR,WAS,170.20 (-0.10),,,,,216.00 (-0.10),,349.76 (-1.55),275.98 (0.24),
948,Tyson Bagent,QB,CHI,169.90,,,,,216.00,,349.45 (-0.08),277.22 (-0.08),
949,Tutu Atwell,WR,MIA,170.00,,,,251.00 (-33.00),215.80 (0.10),,349.50,280.04 (-0.27),
950,Anthony Richardson,QB,IND,170.00,,,,,216.00,,348.13 (-0.58),279.38 (0.59),342.43 (3.39)
951,Calvin Austin,WR,NYG,170.00,,,,,216.00,,349.75 (-0.07),277.93 (0.37),348.82
952,DeMario Douglas,WR,NE,169.90,,,,,215.70 (0.20),,348.93 (0.16),279.45 (-0.88),348.84 (-0.30)
953,Tez Johnson,WR,TB,170.00,,,,,215.90,,348.23 (0.50),281.49 (0.49),
954,Noah Gray,TE,KC,169.90 (0.10),,,,,216.00,,345.58 (-0.66),284.16,346.45 (-2.15)
955,Darius Slayton,WR,NYG,170.20 (-0.10),,,,275.00 (-17.00),215.80 (-0.20),237.43 (-4.29),341.11 (-2.97),285.04 (-0.11),331.86 (-18.01)
956,Brenen Thompson,WR,LAC,170.00 (-0.10),,,,264.75 (-25.15),215.90 (-0.20),,344.38 (1.26),276.68 (-0.13),343.01 (2.78)
957,Younghoe Koo,K,Free Agent,169.70 (0.10),339.00,,,,,,,,
958,Isaiah Bond,WR,CLE,170.00,,,,,216.00 (-0.10),,349.75 (-1.40),281.66 (0.54),348.85
959,Mack Hollins,WR,NE,169.90 (0.10),,,,,215.90 (0.10),,349.73,282.01 (-0.29),
960,Tyler Higbee,TE,LA,169.90,,,,,216.00,,349.50 (-1.83),282.36 (0.05),348.81 (-1.63)
961,Isaac Guerendo,RB,SF,170.10,,,,276.00,216.00,246.80,349.70 (-1.25),275.85 (0.16),
962,Tahj Brooks,RB,CIN,170.10,,,,270.00 (-16.00),215.90 (0.10),,347.72 (-0.94),280.72 (-0.37),348.88 (-3.12)
963,Cole Kmet,TE,CHI,169.70 (0.10),,,,280.00,215.80 (0.10),,335.35 (-3.15),284.42 (-0.21),327.87 (-4.70)
964,Cincinnati Bengals,DST,CIN,169.50 (0.10),241.20,,,,,,349.11 (-0.27),269.54 (-0.78),
965,Audric Estime,RB,NO,170.00,237.40,,,,,,349.68,276.28 (0.47),
966,Blake Grupe,K,IND,170.00 (0.20),,,,,,,346.79 (2.27),,
967,Jason Sanders,K,NYJ,169.80 (0.10),,,,,,,349.77 (-0.28),,
968,Bub Means,WR,NO,170.00,,,,,,,349.62 (-0.21),,
969,Zane Gonzalez,K,MIA,169.90,,,,,,,349.92 (-0.15),,
970,Sam Ehlinger,QB,DEN,170.00,,,,,,,349.95,,
971,Cade York,K,NYJ,170.00,350.00,,,,,,,,
972,Matt Gay,K,LV,169.40 (0.20),263.30,,,,,,349.76,,
973,Riley Patterson,K,MIA,170.00,267.00,,,,,,349.96,,
974,Dominic Zvada,K,NYG,169.80,355.30,,,,,,,,
975,Malik Benson,WR,LV,170.00,,,,,,,346.70 (1.42),274.45 (-0.64),347.74 (0.86)
976,Washington Commanders,DST,WAS,169.50 (0.10),,,,,,,349.72 (-0.11),272.90 (-0.60),
977,Sam Howell,QB,DAL,170.00,,,,,,,349.02,273.17 (0.03),
978,Teddy Bridgewater,QB,DET,170.00,,,,,,,348.22 (0.23),274.08 (-0.01),348.88 (-0.26)
979,Kenny Pickett,QB,CAR,169.90 (0.10),,,,,,,348.97,273.61 (-0.12),345.22
980,Mitchell Trubisky,QB,TEN,170.00,,,,,,,349.49,273.00 (0.01),
981,Mason Rudolph,QB,PIT,170.00,,,,,,,349.49 (0.16),273.13 (0.03),348.76 (-0.22)
982,Jalin Hyatt,WR,NYG,170.00,,,,,,,349.75,272.93 (-0.01),
983,Kyle Juszczyk,FB,SF,169.90 (0.10),,,,,,,349.74,273.19 (-0.08),348.79
984,Trey Lance,QB,LAC,170.00 (-0.10),,,,,,,348.73,274.12 (0.01),348.87
985,Darius Cooper,WR,PHI,170.00,,,,,,,349.76,273.09,
986,Tommy DeVito,QB,NE,169.90,,,,,,,348.51 (-0.44),274.52 (-0.17),
987,Drew Lock,QB,SEA,169.90,,,,,,,349.51 (-0.12),273.54 (-0.16),348.84 (-0.32)
988,Davis Mills,QB,HOU,170.00,,,,,,,348.45 (0.62),274.60 (0.12),346.32 (-0.62)
989,Spencer Rattler,QB,NO,170.00,,,,,,,349.48,273.71 (0.05),348.76
990,Tennessee Titans,DST,TEN,169.80 (0.10),270.20,,,276.33,,,344.25 (2.47),261.49 (-0.42),
991,Andy Dalton,QB,PHI,170.00,,,,,,,349.19 (-0.11),274.06 (-0.01),347.36 (1.14)
992,Zach Ertz,TE,Free Agent,170.00,,,,,,,347.95 (1.76),275.39 (-0.18),
993,Tyler Huntley,QB,BAL,169.90 (0.10),,,,,,,346.45 (2.06),277.13 (0.24),346.46 (2.13)
994,Will Shipley,RB,PHI,170.10,,,,,,,349.74 (-0.16),273.82 (-0.01),348.78
995,Jake Browning,QB,TB,170.00,,,,,,,349.48 (0.17),274.63 (-0.13),347.74
996,Tyrod Taylor,QB,GB,169.90 (0.10),,,,,,,349.76 (-0.06),274.46 (-0.12),
997,Will Howard,QB,PIT,170.00 (-0.10),,,,,,,349.76,274.44 (0.06),348.88
998,Eli Heidenreich,RB,PIT,170.00,,,,,,,349.13 (0.54),276.96 (0.39),348.70 (-0.25)
999,Austin Ekeler,RB,Free Agent,170.00,,,,268.00 (-51.45),,,349.76,274.18 (0.12),
1000,Jonnu Smith,TE,Free Agent,170.00,,,,,,,349.46 (0.15),278.58 (0.74),348.82
1001,Marcus Mariota,QB,WAS,170.00,,,,,,,346.67 (-2.84),281.44 (-0.20),344.11 (-11.94)
1002,Chris Brazzell,WR,CAR,170.00 (0.10),400.00,,,,216.00 (-0.10),,,278.38 (-0.19),
1003,Charlie Smyth,K,NO,170.00,269.00,,,278.00,,,348.53 (-0.24),,
1004,Las Vegas Raiders,DST,LV,169.60,279.30,,,270.00 (-12.00),,,347.17 (1.18),268.12 (-0.93),
1005,New York Jets,DST,NYJ,169.90,282.20,,,,,,348.14 (1.63),276.47 (-0.27),
1006,Ben Sauls,K,NYG,169.70 (0.10),369.00,,,,,,,,
1007,Myles Montgomery,RB,Free Agent,,,,,,,,,273.08 (0.01),
1008,Robert Henry,RB,WAS,,,,,,,,,273.15 (-0.02),
1009,Miami Dolphins,DST,MIA,169.40 (0.10),299.00,,,,,,349.81 (0.04),274.41 (-1.40),
1010,Spencer Shrader,K,IND,169.90,378.00,,,,,,,,
1011,J'Mari Taylor,RB,JAC,,,,,,216.00,,349.51,272.94 (-0.01),
1012,Jake Moody,K,WAS,169.70 (0.10),333.00,,,,,,349.63 (-0.48),,
1013,Andre Szmyt,K,CLE,169.80,342.00,,,,,,349.83 (-0.11),,
1014,Ryan Fitzgerald,K,CAR,169.70 (0.10),347.00,,,,,,349.66 (-0.10),,
1015,Chad Ryland,K,ARI,169.80 (0.10),350.00,,,,,,349.83 (-0.33),,
1016,Joey Slye,K,TEN,169.90 (0.10),351.00,,,,,,349.65 (-0.56),,
1017,Trey Smack,K,GB,169.70 (-0.20),353.20,,,,,,349.16 (-0.74),,
1018,Michael Carter,RB,TEN,,,,,,,,347.43 (1.66),274.28 (0.14),345.14
1019,Haynes King,QB,CAR,,,,,,,,349.72,273.10,348.69
1020,Phil Lutz,WR,Free Agent,,,,,,,,349.73,,
1021,Roman Hemby,RB,LV,,,,,,,,349.75,,
1022,Drew Stevens,K,WAS,,,,,,,,349.76,,