Tier,Player,Position,Team,Bye,Matthew Berry,Kendall Valenzuela,Matthew Freedman,Dwain McFarland,Alex Cupps,Zain Dhanani,Consensus,Last Week Difference,ADP,Difference vs. ADP,Utilization Score
1,Jahmyr Gibbs,RB,DET,6,2,2,2,1,1,1,1,0,1.41,0.41,--
1,Bijan Robinson,RB,ATL,11,1,1,3,2,2,2,2,0,1.96,-0.04,--
1,Ja'Marr Chase,WR,CIN,6,3,3,1,3,3,4,3,0,3.47,0.47,--
2,Puka Nacua,WR,LA,11,4,4,4,4,4,3,4,0,4.30,0.3,--
2,Jaxon Smith-Njigba,WR,SEA,11,5,5,5,5,5,7,5,0,6.12,1.12,--
2,Christian McCaffrey,RB,SF,8,6,7,6,6,7,5,6,0,5.98,-0.02,--
2,Amon-Ra St. Brown,WR,DET,6,7,6,8,7,8,6,7,0,7.93,0.93,--
2,James Cook,RB,BUF,7,9,10,10,10,9,8,8,1,11.14,3.14,--
3,CeeDee Lamb,WR,DAL,14,11,9,9,8,10,12,9,1,11.88,2.88,--
3,Justin Jefferson,WR,MIN,6,10,11,7,11,11,11,10,-2,12.74,2.74,--
3,Jonathan Taylor,RB,IND,13,8,8,15,9,12,18,11,0,8.04,-2.96,--
3,Kenneth Walker,RB,KC,5,13,12,13,12,13,10,12,1,19.15,7.15,--
3,Ashton Jeanty,RB,LV,13,12,14,20,13,6,9,13,-1,12.74,-0.26,--
3,Saquon Barkley,RB,PHI,10,14,15,17,15,19,16,14,0,15.76,1.76,--
3,Drake London,WR,ATL,11,18,13,14,19,14,19,15,0,19.57,4.57,--
3,De'Von Achane,RB,MIA,6,19,16,12,16,22,15,16,1,15.38,-0.62,--
3,Derrick Henry,RB,BAL,13,16,17,23,18,17,14,17,-1,21.38,4.38,--
3,Chase Brown,RB,CIN,6,15,18,33,17,16,13,18,0,17.49,-0.51,--
3,A.J. Brown,WR,NE,11,21,19,19,21,15,22,19,1,22.48,3.48,--
3,Malik Nabers,WR,NYG,8,25,28,11,14,21,21,20,3,33.07,13.07,--
3,Brock Bowers,TE,LV,13,20,22,16,22,20,20,21,-2,19.80,-1.2,--
3,Nico Collins,WR,HOU,8,23,20,18,23,18,23,22,-1,25.32,3.32,--
3,Omarion Hampton,RB,LAC,7,17,23,30,20,23,17,23,-1,16.87,-6.13,--
3,DeVonta Smith,WR,PHI,10,24,21,21,25,27,25,24,0,35.00,11,--
3,Trey McBride,TE,ARI,14,22,24,22,24,26,37,25,3,22.92,-2.08,--
4,George Pickens,WR,DAL,14,26,30,28,27,24,24,26,-1,26.09,0.09,--
4,Rashee Rice,WR,KC,5,29,33,31,28,25,26,27,0,28.48,1.48,--
4,Chris Olave,WR,NO,8,27,31,26,29,30,32,28,1,31.03,3.03,--
4,Jeremiyah Love,RB,ARI,14,33,26,24,30,31,43,29,-3,25.60,-3.4,--
4,Josh Allen,QB,BUF,7,30,27,25,26,46,36,30,0,25.79,-4.21,--
4,Zay Flowers,WR,BAL,13,32,35,44,34,28,27,31,0,38.53,7.53,--
4,Tee Higgins,WR,CIN,6,34,34,35,31,44,31,32,1,42.47,10.47,--
4,Tetairoa McMillan,WR,CAR,5,40,43,32,36,34,33,33,2,42.00,9,--
4,Colston Loveland,TE,CHI,10,36,38,34,35,32,44,34,5,41.43,7.43,--
4,Garrett Wilson,WR,NYJ,13,41,36,39,38,36,30,35,3,42.05,7.05,--
4,Breece Hall,RB,NYJ,13,31,39,42,33,33,42,36,-2,33.60,-2.4,--
4,Jaylen Waddle,WR,DEN,10,37,46,43,37,29,29,37,0,48.21,11.21,--
4,Josh Jacobs,RB,GB,11,42,29,37,47,38,34,38,-2,33.87,-4.13,--
4,Kyren Williams,RB,LA,11,28,40,40,43,40,38,39,2,33.66,-5.34,--
4,Javonte Williams,RB,DAL,14,39,25,45,41,47,35,40,0,34.73,-5.27,--
4,Emeka Egbuka,WR,TB,10,43,37,38,42,35,41,41,-9,39.02,-1.98,--
4,Lamar Jackson,QB,BAL,13,48,32,29,32,50,52,42,0,45.77,3.77,--
4,Ladd McConkey,WR,LAC,7,35,53,50,39,43,28,43,1,43.66,0.66,--
4,Luther Burden,WR,CHI,10,44,42,48,44,41,40,44,-1,53.02,9.02,--
4,Travis Etienne,RB,NO,8,38,48,51,40,39,48,45,4,43.05,-1.95,--
4,Davante Adams,WR,LA,11,49,41,41,52,45,50,46,0,53.39,7.39,--
4,Cam Skattebo,RB,NYG,8,46,45,55,46,42,49,47,-2,42.05,-4.95,--
4,Drake Maye,QB,NE,11,52,44,27,48,63,54,48,0,55.66,7.66,--
4,Mike Evans,WR,SF,8,47,54,54,53,37,46,49,-2,63.59,14.59,--
4,D'Andre Swift,RB,CHI,10,45,50,52,57,57,39,50,6,54.91,4.91,--
5,Jayden Daniels,QB,WAS,7,53,64,36,45,53,53,51,-1,64.22,13.22,--
5,David Montgomery,RB,HOU,8,50,47,49,58,72,45,52,-1,53.49,1.49,--
5,Quinshon Judkins,RB,CLE,11,51,49,64,54,55,59,53,0,51.73,-1.27,--
5,Jameson Williams,WR,DET,6,57,63,46,60,51,57,54,-2,60.00,6,--
5,Christian Watson,WR,GB,11,59,59,61,51,52,56,55,3,68.52,13.52,--
5,Bhayshul Tuten,RB,JAC,7,55,57,65,56,61,51,56,-2,58.56,2.56,--
5,Jalen Hurts,QB,PHI,10,60,51,58,49,54,76,57,2,69.07,12.07,--
5,DJ Moore,WR,BUF,7,63,55,47,50,74,60,58,3,59.34,1.34,--
5,Bucky Irving,RB,TB,10,58,66,71,59,48,47,59,-4,50.81,-8.19,--
5,Terry McLaurin,WR,WAS,7,56,61,59,63,59,58,60,-3,54.96,-5.04,--
5,Joe Burrow,QB,CIN,6,62,52,53,62,64,63,61,-1,59.05,-1.95,--
5,Tyler Warren,TE,IND,13,54,68,66,61,56,65,62,2,51.92,-10.08,--
5,Rome Odunze,WR,CHI,10,61,58,75,68,58,61,63,0,64.63,1.63,--
5,Jadarian Price,RB,SEA,11,65,56,60,66,67,68,64,-2,65.85,1.85,--
5,TreVeyon Henderson,RB,NE,11,68,65,57,69,66,64,65,0,56.58,-8.42,--
5,Rhamondre Stevenson,RB,NE,11,70,60,67,71,73,62,66,3,81.01,15.01,--
5,Parker Washington,WR,JAC,7,64,78,87,55,71,55,67,4,77.50,10.5,--
5,Carnell Tate,WR,TEN,9,66,62,74,64,62,87,68,0,68.55,0.55,--
5,Caleb Williams,QB,CHI,10,73,71,62,65,65,81,69,-2,78.92,9.92,--
5,Tucker Kraft,TE,GB,11,74,73,56,70,79,78,70,0,75.93,5.93,--
5,Justin Herbert,QB,LAC,7,75,75,73,75,68,73,71,3,84.72,13.72,--
5,Brian Thomas,WR,JAC,7,67,81,80,73,60,83,72,0,79.22,7.22,--
5,Harold Fannin,TE,CLE,11,85,72,76,77,70,74,73,4,77.38,4.38,--
5,Jaylen Warren,RB,PIT,9,72,69,77,85,81,75,74,-1,75.69,1.69,--
6,Trevor Lawrence,QB,JAC,7,76,74,90,74,69,82,75,5,87.83,12.83,--
6,Josh Downs,WR,IND,13,77,80,89,90,75,72,76,3,104.00,28,--
6,Jayden Reed,WR,GB,11,81,86,83,82,84,67,77,4,110.82,33.82,--
6,DK Metcalf,WR,PIT,9,80,83,63,91,88,80,78,0,80.57,2.57,--
6,Rico Dowdle,RB,PIT,9,79,92,72,80,94,69,79,4,88.10,9.1,--
6,Chris Godwin,WR,TB,10,69,79,107,67,76,89,80,2,97.97,17.97,--
6,Marvin Harrison,WR,ARI,14,71,87,91,89,49,103,81,-5,78.99,-2.01,--
6,Jaxson Dart,QB,NYG,8,83,77,69,76,83,110,82,2,91.20,9.2,--
6,Tony Pollard,RB,TEN,9,78,82,85,99,78,79,83,-8,81.30,-1.7,--
6,Dak Prescott,QB,DAL,14,86,99,100,83,80,77,84,5,84.45,0.45,--
6,Jonathon Brooks,RB,CAR,5,88,103,115,79,77,70,85,22,102.07,17.07,--
6,RJ Harvey,RB,DEN,10,92,70,82,107,82,104,86,-1,91.95,5.95,--
6,Kyle Pitts,TE,ATL,11,90,94,86,72,96,99,87,5,80.02,-6.98,--
6,Brock Purdy,QB,SF,8,97,76,78,100,97,96,88,0,102.59,14.59,--
6,Sam LaPorta,TE,DET,6,84,93,84,84,89,111,89,1,80.10,-8.9,--
6,Alec Pierce,WR,IND,13,99,91,68,103,108,86,90,-3,90.72,0.72,--
6,Makai Lemon,WR,PHI,10,91,97,95,78,85,112,91,0,101.57,10.57,--
6,Chuba Hubbard,RB,CAR,5,104,67,79,104,121,90,92,-6,85.03,-6.97,--
6,Blake Corum,RB,LA,11,93,96,99,97,86,95,93,0,100.54,7.54,--
6,J.K. Dobbins,RB,DEN,10,110,98,98,98,95,71,94,0,97.64,3.64,--
6,Jakobi Meyers,WR,JAC,7,94,84,101,112,90,92,95,0,110.72,15.72,--
6,George Kittle,TE,SF,8,108,110,96,87,87,91,96,8,101.83,5.83,--
6,Stefon Diggs,WR,WAS,7,82,89,176,81,93,66,97,3,122.78,25.78,--
6,Courtland Sutton,WR,DEN,10,100,85,93,92,113,107,98,-1,84.93,-13.07,--
7,Michael Wilson,WR,ARI,14,95,100,81,88,106,122,99,-3,94.92,-4.08,--
7,Kenneth Gainwell,RB,TB,10,89,95,88,113,103,113,100,-2,102.86,2.86,--
7,Patrick Mahomes,QB,KC,5,101,102,97,108,98,98,101,0,104.28,3.28,--
7,Quentin Johnston,WR,LAC,7,87,117,113,86,118,84,102,1,102.00,0,--
7,Michael Pittman,WR,PIT,9,98,88,119,105,107,88,103,-4,98.19,-4.81,--
7,Bo Nix,QB,DEN,10,103,101,103,106,99,94,104,2,107.51,3.51,--
7,Kyler Murray,QB,MIN,6,102,114,104,101,100,93,105,0,126.47,21.47,--
7,Jordan Addison,WR,MIN,6,96,113,121,95,91,102,106,-4,109.92,3.92,--
7,Jordyn Tyson,WR,NO,8,113,90,70,115,111,125,107,-41,80.32,-26.68,--
7,KC Concepcion,WR,CLE,11,107,116,114,93,92,114,108,4,132.72,24.72,--
7,Jordan Mason,RB,MIN,6,109,106,102,109,102,109,109,2,115.01,6.01,--
7,Jacory Croskey-Merritt,RB,WAS,7,105,105,128,96,101,105,110,0,116.20,6.2,--
7,Wan'Dale Robinson,WR,TEN,9,106,109,108,116,125,85,111,-3,108.04,-2.96,--
7,Matthew Stafford,QB,LA,11,114,115,111,114,109,108,112,1,103.81,-8.19,--
7,Jared Goff,QB,DET,6,117,125,127,110,110,97,113,4,117.07,4.07,--
7,Travis Kelce,TE,KC,5,115,122,109,119,105,119,114,0,105.97,-8.03,--
7,Kyle Monangai,RB,CHI,10,131,108,92,127,124,126,115,-6,99.26,-15.74,--
7,Aaron Jones,RB,MIN,6,111,107,112,122,123,135,116,-1,117.83,1.83,--
7,Rachaad White,RB,WAS,7,126,104,116,124,114,127,117,-1,111.43,-5.57,--
7,Jordan Love,QB,GB,11,120,119,117,123,115,117,118,0,132.45,14.45,--
7,Romeo Doubs,WR,NE,11,116,130,124,111,134,100,119,1,128.89,9.89,--
7,Dalton Kincaid,TE,BUF,7,119,123,94,129,130,120,120,1,116.39,-3.61,--
7,Malik Willis,QB,MIA,6,122,129,106,125,116,118,121,2,143.71,22.71,--
7,Chris Rodriguez,RB,JAC,7,124,111,118,126,120,121,122,-3,138.52,16.52,--
7,Mark Andrews,TE,BAL,13,128,121,110,120,117,138,123,-1,120.85,-2.15,--
7,Matthew Golden,WR,GB,11,112,136,134,102,153,106,124,1,120.92,-3.08,--
7,Dallas Goedert,TE,PHI,10,127,128,122,117,126,129,125,-1,116.55,-8.45,--
7,De'Zhaun Stribling,WR,SF,8,123,140,138,94,112,143,126,5,163.81,37.81,--
7,Baker Mayfield,QB,TB,10,130,124,132,128,127,116,127,1,130.21,3.21,--
7,Jake Ferguson,TE,DAL,14,139,126,105,131,104,157,128,-1,116.71,-11.29,--
7,Isaiah Likely,TE,NYG,8,125,127,129,118,163,101,129,1,115.04,-13.96,--
7,Xavier Worthy,WR,KC,5,121,137,135,121,148,128,130,-4,124.88,-5.12,--
8,Tyler Shough,QB,NO,8,118,142,123,139,138,134,131,-2,133.91,2.91,--
8,Omar Cooper,WR,NYJ,13,145,118,126,130,142,152,132,0,159.50,27.5,--
8,Keaton Mitchell,RB,LAC,7,138,147,130,137,137,142,133,2,143.95,10.95,--
8,Juwan Johnson,TE,NO,8,133,132,171,136,132,130,134,18,144.99,10.99,--
8,Khalil Shakir,WR,BUF,7,141,135,166,138,129,131,135,-1,133.70,-1.3,--
8,Tyler Allgeier,RB,ARI,14,132,112,125,171,141,160,136,5,140.94,4.94,--
8,MarShawn Lloyd,RB,GB,11,154,151,144,132,136,124,137,28,177.40,40.4,--
8,Chig Okonkwo,TE,WAS,7,143,131,136,141,155,136,138,-1,144.56,6.56,--
8,Denzel Boston,WR,CLE,11,136,141,131,147,152,144,139,6,153.14,14.14,--
8,Rashid Shaheed,WR,SEA,11,135,146,172,134,144,132,140,2,141.87,1.87,--
8,Sam Darnold,QB,SEA,11,137,157,151,148,139,133,141,6,153.50,12.5,--
8,Jalen Coker,WR,CAR,5,134,154,168,135,162,115,142,2,137.44,-4.56,--
8,C.J. Stroud,QB,HOU,8,142,156,145,150,140,137,143,0,159.95,16.95,--
8,Deebo Samuel,WR,SF,8,129,144,161,144,119,182,144,-11,140.32,-3.68,--
8,Travis Hunter,WR,JAC,7,158,145,148,146,128,158,145,1,161.48,16.48,--
8,Jo'quavioius Marks,RB,HOU,8,153,148,143,149,122,170,146,2,139.24,-6.76,--
8,Hunter Henry,TE,NE,11,148,138,156,151,165,146,147,2,144.33,-2.67,--
8,Tyjae Spears,RB,TEN,9,140,155,154,156,143,159,148,5,149.04,1.04,--
8,Tank Bigsby,RB,PHI,10,159,180,187,133,135,123,149,12,161.03,12.03,--
8,Zach Charbonnet,RB,SEA,11,157,149,133,140,149,190,150,-11,137.04,-12.96,--
8,Brenton Strange,TE,JAC,7,144,139,179,157,156,145,151,4,147.43,-3.57,--
8,Houston Texans,DST,HOU,8,164,,149,153,,151,152,4,149.09,-2.91,--
8,Oronde Gadsden,TE,LAC,7,155,134,153,164,133,193,153,-13,145.01,-7.99,--
8,Kenyon Sadiq,TE,NYJ,13,150,133,142,143,180,184,154,-4,151.81,-2.19,--
8,Jonah Coleman,RB,DEN,10,162,158,150,168,146,155,155,2,148.27,-6.73,--
8,Denver Broncos,DST,DEN,10,166,,159,152,,153,156,2,160.07,4.07,--
8,Daniel Jones,QB,IND,13,165,165,157,159,150,150,157,2,163.41,6.41,--
8,Isiah Pacheco,RB,DET,6,163,153,141,145,187,169,158,-4,150.79,-7.21,--
8,Seattle Seahawks,DST,SEA,11,169,,165,155,,156,159,1,162.16,3.16,--
8,Dalton Schultz,TE,HOU,8,167,174,201,167,131,139,160,11,166.48,6.48,--
8,Jauan Jennings,WR,MIN,6,161,143,178,188,164,147,161,2,158.92,-2.08,--
8,Jayden Higgins,WR,HOU,8,,,164,,,,162,-24,133.55,-28.45,--
8,Cam Ward,QB,TEN,9,151,164,137,184,170,183,163,-1,162.22,-0.78,--
8,Los Angeles Rams,DST,LA,11,170,,169,165,,162,164,0,152.04,-11.96,--
8,Jalen McMillan,WR,TB,10,147,159,208,162,189,140,165,1,158.80,-6.2,--
8,Tyrone Tracy,RB,NYG,8,156,150,139,178,171,215,166,-30,135.97,-30.03,--
8,Brian Robinson,RB,ATL,11,176,195,180,154,157,149,167,1,156.67,-10.33,--
8,Terrance Ferguson,TE,LA,11,175,204,207,142,147,148,168,13,182.50,14.5,--
8,Adonai Mitchell,WR,NYJ,13,160,181,206,160,161,163,169,8,184.26,15.26,--
8,Alvin Kamara,RB,NO,8,194,120,120,203,188,214,170,-19,148.73,-21.27,--
8,Calvin Ridley,WR,TEN,9,174,179,152,211,159,,171,-4,196.05,25.05,--
8,Emmett Johnson,RB,KC,5,221,160,173,163,166,178,172,20,172.38,0.38,--
8,Philadelphia Eagles,DST,PHI,10,186,,170,183,,172,173,-4,178.72,5.72,--
8,Dylan Sampson,RB,CLE,11,177,172,160,174,145,244,174,-4,158.81,-15.19,--
8,Brandon Aubrey,K,DAL,14,152,,185,182,,197,175,7,153.10,-21.9,--
8,Mike Washington,RB,LV,13,228,162,146,177,167,217,176,14,173.39,-2.61,--
8,Los Angeles Chargers,DST,LAC,7,192,,184,181,,176,177,-5,204.87,27.87,--
9,Pat Bryant,WR,DEN,10,193,190,221,189,154,165,178,36,224.50,46.5,--
9,Caleb Douglas,WR,MIA,6,180,208,237,170,151,166,179,46,242.10,63.1,--
9,Minnesota Vikings,DST,MIN,6,190,,181,193,,181,180,-4,196.65,16.65,--
9,Jalen Nailor,WR,LV,13,173,169,195,179,219,186,181,-8,157.65,-23.35,--
9,Ka'imi Fairbairn,K,HOU,8,171,,190,192,,200,182,13,186.05,4.05,--
9,Baltimore Ravens,DST,BAL,13,188,,186,191,,188,183,2,195.00,12,--
9,Bryce Young,QB,CAR,5,168,183,177,219,173,211,184,-5,177.89,-6.11,--
9,T.J. Hockenson,TE,MIN,6,183,186,194,180,216,173,185,-11,155.50,-29.5,--
9,Tank Dell,WR,HOU,8,149,189,202,161,185,248,186,-2,189.70,3.7,--
9,Zachariah Branch,WR,ATL,11,178,178,197,207,176,199,187,-4,195.64,8.64,--
9,Jaydon Blue,RB,DAL,14,179,187,229,173,195,174,188,10,186.93,-1.07,--
9,Germie Bernard,WR,PIT,9,209,170,140,195,191,237,189,-14,220.53,31.53,--
9,Braelon Allen,RB,NYJ,13,235,163,175,198,168,208,190,26,187.03,-2.97,--
9,Sean Tucker,RB,TB,10,203,182,162,233,183,191,191,-13,192.87,1.87,--
9,Chris Bell,WR,MIA,6,232,171,147,212,190,203,192,19,238.91,46.91,--
9,Kimani Vidal,RB,LAC,7,211,176,226,234,169,154,193,8,193.65,0.65,--
9,Jerry Jeudy,WR,CLE,11,185,173,193,209,178,234,194,-14,174.75,-19.25,--
9,New England Patriots,DST,NE,11,196,,183,210,,195,195,-1,187.14,-7.86,--
9,Cameron Dicker,K,LAC,7,182,,196,197,,210,196,6,176.11,-19.89,--
9,Nicholas Singleton,RB,TEN,9,222,152,158,224,197,227,197,-9,190.27,-6.73,--
9,Keenan Allen,WR,IND,13,146,207,299,166,160,204,198,41,227.28,29.28,--
9,Ryan Flournoy,WR,DAL,14,181,228,269,187,177,141,199,-6,190.75,-8.25,--
9,Cam Little,K,JAC,7,195,,191,202,,201,200,7,192.79,-7.21,--
9,Pittsburgh Steelers,DST,PIT,9,197,,188,215,,196,201,-4,192.46,-8.54,--
9,Tre Tucker,WR,LV,13,201,211,219,194,215,161,202,-16,176.95,-25.05,--
9,Kaelon Black,RB,SF,8,219,168,167,223,194,233,203,-14,196.36,-6.64,--
9,Kaytron Allen,RB,WAS,7,227,161,155,242,203,221,204,-17,191.59,-12.41,--
9,Jason Myers,K,SEA,11,184,,198,208,,216,205,4,184.13,-20.87,--
9,Greg Dulcich,TE,MIA,6,187,193,251,199,,179,206,-3,177.31,-28.69,--
9,Dontayvion Wicks,WR,PHI,10,206,199,225,229,174,198,207,3,197.24,-9.76,--
9,Ray Davis,RB,BUF,7,204,237,248,172,199,175,208,-3,191.32,-16.68,--
9,AJ Barner,TE,SEA,11,202,198,224,222,220,171,209,-10,176.22,-32.78,--
9,Jordan James,RB,SF,8,,188,220,225,222,177,210,5,202.49,-7.51,--
9,Aaron Rodgers,QB,PIT,9,172,175,240,221,247,185,211,-5,189.36,-21.64,--
9,Khalil Herbert,RB,SF,8,,,,,207,,212,,252.02,40.02,--
9,Gunnar Helm,TE,TEN,9,191,203,256,186,181,226,213,-17,193.24,-19.76,--
9,Jacksonville Jaguars,DST,JAC,7,198,,192,220,,219,214,3,198.78,-15.22,--
9,Tre Harris,WR,LAC,7,205,218,243,217,175,187,215,-15,184.81,-30.19,--
9,Jaylin Noel,WR,HOU,8,208,222,261,158,186,213,216,38,238.72,22.72,--
9,Kayshon Boutte,WR,NE,11,218,191,163,243,214,236,217,-26,191.86,-25.14,--
9,Eddy Pineiro,K,SF,8,189,,211,216,,228,218,4,209.62,-8.38,--
9,Green Bay Packers,DST,GB,11,199,,189,239,,220,219,-1,217.06,-1.94,--
9,James Conner,RB,ARI,14,240,177,199,230,172,259,220,-7,185.88,-34.12,--
9,Isaac TeSlaa,WR,DET,6,223,215,216,213,210,202,221,-13,181.16,-39.84,--
9,Najee Harris,RB,NYG,8,,217,241,201,200,207,222,62,246.98,24.98,--
9,Elijah Sarratt,WR,BAL,13,234,197,200,248,184,225,223,-2,239.59,16.59,--
9,Geno Smith,QB,NYJ,13,200,205,273,206,225,192,224,-1,202.92,-21.08,--
9,Ja'Kobi Lane,WR,BAL,13,224,239,239,169,267,164,225,4,211.43,-13.57,--
9,Malachi Fields,WR,NYG,8,,214,267,190,248,167,226,29,229.58,3.58,--
9,Jacoby Brissett,QB,ARI,14,212,167,252,175,208,299,227,1,195.50,-31.5,--
9,Evan McPherson,K,CIN,6,,,205,226,,230,228,4,228.33,0.33,--
9,Malik Washington,WR,MIA,6,230,192,290,196,201,218,229,-17,180.93,-48.07,--
9,Antonio Williams,WR,WAS,7,233,185,182,245,228,262,230,-26,191.06,-38.94,--
9,Ted Hurst,WR,TB,10,225,213,242,232,224,205,231,-1,230.69,-0.31,--
9,Kansas City Chiefs,DST,KC,5,,,204,244,,224,232,2,222.56,-9.44,--
9,Buffalo Bills,DST,BUF,7,,,210,240,,223,233,-6,225.28,-7.72,--
9,Cade Otton,TE,TB,10,215,231,234,238,179,250,234,-14,200.26,-33.74,--
9,Rashod Bateman,WR,BAL,13,,244,274,185,213,209,235,-11,221.57,-13.43,--
9,Andres Borregales,K,NE,11,217,,213,231,,239,236,8,232.20,-3.8,--
9,Seth McGowan,RB,IND,13,,,235,205,272,189,237,1,244.93,7.93,--
9,Fernando Mendoza,QB,LV,13,213,166,212,236,233,292,238,-12,187.18,-50.82,--
9,George Holani,RB,SEA,11,,223,254,218,246,194,239,1,205.96,-33.04,--
9,Demond Claiborne,RB,MIN,6,,225,245,204,204,267,240,-7,203.28,-36.72,--
9,Adam Randall,RB,BAL,13,,196,214,235,268,232,241,2,238.28,-2.72,--
9,Brandon Aiyuk,WR,SF,8,,,174,250,269,,242,-23,228.79,-13.21,--
9,Pat Freiermuth,TE,PIT,9,226,234,278,254,232,168,243,-7,194.70,-48.3,--
9,Cyrus Allen,WR,KC,5,229,201,392,176,158,238,244,44,213.45,-30.55,--
9,Bryce Lance,WR,NO,8,,,228,237,,,245,-10,249.03,4.03,--
9,Tyler Loop,K,BAL,13,214,,209,267,,243,246,-4,216.32,-29.68,--
9,Tyquan Thornton,WR,KC,5,,202,262,247,217,242,247,-16,236.93,-10.07,--
9,Jake Bates,K,DET,6,210,,215,269,,246,248,-3,212.58,-35.42,--
9,Darren Waller,TE,,,231,,347,200,221,180,249,49,220.26,-28.74,--
9,Darnell Mooney,WR,NYG,8,238,216,222,262,209,272,250,-13,222.54,-27.46,--
9,Jaylen Wright,RB,MIA,6,,240,236,227,192,290,251,25,220.34,-30.66,--
9,Chase McLaughlin,K,TB,10,220,,223,263,,245,252,-4,225.00,-27,--
9,Justice Hill,RB,BAL,13,,220,257,241,223,258,253,-12,196.79,-56.21,--
9,Cooper Kupp,WR,SEA,11,,246,283,249,227,212,254,-8,225.52,-28.48,--
9,Cairo Santos,K,CHI,10,216,,232,276,,253,255,1,228.59,-26.41,--
9,Emanuel Wilson,RB,SEA,11,236,226,231,286,206,282,256,-5,223.06,-32.94,--
9,Eli Stowers,TE,PHI,10,,209,253,274,245,,257,-7,221.52,-35.48,--
9,Elic Ayomanor,WR,TEN,9,,212,259,295,211,251,258,-9,239.44,-18.56,--
9,Devaughn Vele,WR,NO,8,,,309,214,257,206,259,43,246.94,-12.06,--
9,Tyreek Hill,WR,,,,,203,327,212,,260,-13,220.10,-39.9,--
9,Mason Taylor,TE,NYJ,13,,232,258,253,250,,261,21,237.42,-23.58,--
9,Troy Franklin,WR,DEN,10,239,184,266,310,193,300,262,-9,224.50,-37.5,--
9,Harrison Mevis,K,LA,11,207,,247,281,,264,263,-3,196.14,-66.86,--
9,Detroit Lions,DST,DET,6,,,246,258,,252,264,1,211.28,-52.72,--
9,Tory Horton,WR,SEA,11,,242,284,260,240,247,265,10,236.07,-28.93,--
9,Skyler Bell,WR,BUF,7,,227,230,261,266,289,266,-8,249.08,-16.92,--
9,Chimere Dike,WR,TEN,9,,200,255,332,229,257,267,-10,246.46,-20.54,--
9,Evan Engram,TE,DEN,10,,245,287,256,238,261,268,3,219.71,-48.29,--
10,Isaiah Davis,RB,NYJ,13,,252,263,285,249,241,269,-5,247.39,-21.61,--
10,Tua Tagovailoa,QB,ATL,11,,265,282,271,252,222,270,-9,213.99,-56.01,--
10,Harrison Butker,K,KC,5,,,238,279,,260,271,7,221.67,-49.33,--
10,Colby Parkinson,TE,LA,11,,233,297,257,236,274,272,5,218.49,-53.51,--
10,Ollie Gordon,RB,MIA,6,,255,268,307,198,270,273,13,238.77,-34.23,--
10,David Njoku,TE,LAC,7,,243,265,297,234,,274,-12,192.43,-81.57,--
10,Jack Bech,WR,LV,13,,,293,246,218,284,275,-7,250.13,-24.87,--
10,Samaje Perine,RB,CIN,6,237,,327,228,237,275,276,-3,223.02,-52.98,--
10,Christian Kirk,WR,SF,8,,230,286,270,242,278,277,-11,236.22,-40.78,--
10,New Orleans Saints,DST,NO,8,,,233,299,,255,278,-9,252.96,-25.04,--
10,Theo Johnson,TE,NYG,8,,194,322,352,182,,279,0,238.47,-40.53,--
10,Charlie Kolar,TE,LAC,7,,,306,275,202,268,280,17,248.04,-31.96,--
10,Chris Boswell,K,PIT,9,,,249,278,,263,281,-18,226.11,-54.89,--
10,Cleveland Browns,DST,CLE,11,,,218,342,,231,282,-15,229.66,-52.34,--
10,DJ Giddens,RB,IND,13,,235,275,335,196,280,283,-9,240.93,-42.07,--
10,Keon Coleman,WR,BUF,7,,260,295,268,239,,284,6,238.00,-46,--
10,Mike Gesicki,TE,CIN,6,,241,244,282,,296,285,-15,231.00,-54,--
10,Ty Johnson,RB,BUF,7,,,281,290,226,273,286,5,231.29,-54.71,--
10,Chris Brooks,RB,GB,11,,259,323,251,230,276,287,-6,245.69,-41.31,--
10,Brashard Smith,RB,KC,5,,256,260,294,262,,288,20,249.79,-38.21,--
10,Jake Tonges,TE,SF,8,,250,227,331,,,289,-9,212.33,-76.67,--
10,Kaleb Johnson,RB,PIT,9,,236,217,372,235,288,290,-18,246.76,-43.24,--
10,Roman Wilson,WR,PIT,9,,,,272,,,291,-39,252.17,-38.83,--
10,Darnell Washington,TE,PIT,9,,,292,259,,,292,27,245.80,-46.2,--
10,Wil Lutz,K,DEN,10,,,250,311,,266,293,-6,233.02,-59.98,--
10,Michael Mayer,TE,LV,13,,,317,255,,256,294,-1,240.21,-53.79,--
10,Erick All,TE,CIN,6,,,303,252,,,295,-12,245.63,-49.37,--
10,Darius Slayton,WR,NYG,8,,,300,326,244,240,296,-11,254.10,-41.9,--
10,Max Klare,TE,LA,11,,210,271,359,,,297,-3,252.26,-44.74,--
10,Kyle Williams,WR,NE,11,,229,270,364,259,,298,-9,222.04,-75.96,--
10,Devin Neal,RB,NO,8,,224,294,384,243,269,299,2,229.38,-69.62,--
10,Hollywood Brown,WR,PHI,10,,,264,317,261,291,300,-5,248.11,-51.89,--
10,Xavier Legette,WR,CAR,5,,,312,300,256,271,301,-5,250.28,-50.72,--
10,San Francisco 49ers,DST,SF,8,,,277,301,,277,302,-2,226.32,-75.68,--
10,Demarcus Robinson,WR,SF,8,,,,341,,229,303,,252.46,-50.54,--
10,Kendre Miller,RB,NO,8,,219,272,383,260,293,304,0,225.24,-78.76,--
10,Oscar Delp,TE,NO,8,,251,332,321,241,,305,11,252.85,-52.15,--
10,Trey Benson,RB,ARI,14,,257,280,379,251,265,306,-1,240.07,-65.93,--
10,J.J. McCarthy,QB,MIN,6,,206,353,304,,,307,10,240.68,-66.32,--
10,Brenen Thompson,WR,LAC,7,,247,328,288,,,308,-5,254.34,-53.66,--
10,Marvin Mims,WR,DEN,10,,238,296,366,253,287,309,-2,222.42,-86.58,--
10,Shedeur Sanders,QB,CLE,11,,264,321,284,277,295,310,-4,223.96,-86.04,--
10,Michael Penix,QB,ATL,11,,262,305,309,270,305,311,-2,230.07,-80.93,--
10,Malik Benson,WR,LV,13,,,316,265,,,312,31,263.72,-48.28,--
10,Phil Mafah,RB,DAL,14,,,361,277,,235,313,14,252.11,-60.89,--
10,Charlie Smyth,K,NO,8,,,279,316,,283,314,-4,266.38,-47.62,--
10,Joe Mixon,RB,,,,221,285,385,281,,315,-1,213.65,-101.35,--
10,LeQuint Allen,RB,JAC,7,,,301,386,205,285,316,-1,240.54,-75.46,--
10,Mack Hollins,WR,NE,11,,,302,318,263,,317,-5,254.39,-62.61,--
10,Luke McCaffrey,WR,WAS,7,,,325,266,,,318,50,251.38,-66.62,--
10,Deshaun Watson,QB,CLE,11,,,318,273,284,311,319,-8,229.12,-89.88,--
10,Atlanta Falcons,DST,ATL,11,,,276,328,,286,320,-7,229.96,-90.04,--
10,Tai Felton,WR,MIN,6,,,288,308,,,321,23,219.87,-101.13,--
10,Isaiah Bond,WR,CLE,11,,,374,306,264,249,322,1,254.35,-67.65,--
10,Audric Estime,RB,NO,8,,,324,280,280,310,323,17,258.34,-64.66,--
10,Elijah Arroyo,TE,SEA,11,,248,343,305,,,324,4,250.06,-73.94,--
10,Malik Davis,RB,DAL,14,,258,291,407,231,308,325,-26,251.19,-73.81,--
10,Devin Singletary,RB,NYG,8,,254,319,374,255,,326,-8,248.41,-77.59,--
10,Kirk Cousins,QB,LV,13,,,331,292,279,303,327,-5,227.14,-99.86,--
10,Jerome Ford,RB,WAS,7,,,289,370,265,294,328,-8,237.43,-90.57,--
10,Damien Martinez,RB,GB,11,,,,,,306,329,-4,252.36,-76.64,--
10,Emari Demercado,RB,KC,5,,,308,390,258,279,330,-38,233.51,-96.49,--
10,Antonio Gibson,RB,,,,,,314,,304,331,-7,170.00,-161,--
10,Dawson Knox,TE,BUF,7,,263,337,330,,,332,-11,248.61,-83.39,--
10,DeMario Douglas,WR,NE,11,,,391,291,,254,333,2,253.50,-79.5,--
10,Isaac Guerendo,RB,SF,8,,,298,376,275,301,334,-8,255.74,-78.26,--
10,Trevor Etienne,RB,CAR,5,,,307,380,271,297,335,-6,251.14,-83.86,--
10,Andrei Iosivas,WR,CIN,6,,,373,264,,,336,18,245.25,-90.75,--
10,Zavion Thomas,WR,CHI,10,,249,330,377,,,337,-3,252.53,-84.47,--
10,Carolina Panthers,DST,CAR,5,,,342,302,,,338,-8,252.53,-85.47,--
10,Will Shipley,RB,PHI,10,,,367,,282,,339,-2,264.55,-74.45,--
10,Jaleel McLaughlin,RB,DEN,10,,,310,405,276,309,340,-1,252.28,-87.72,--
10,Dyami Brown,WR,WAS,7,,,,325,,,341,84,219.91,-121.09,--
10,Michael Carter,RB,TEN,9,,,326,,,,342,3,310.86,-31.14,--
10,Eli Raridon,TE,NE,11,,,339,313,,,343,-10,248.26,-94.74,--
10,Deion Burks,WR,IND,13,,,313,339,,,344,23,252.13,-91.87,--
10,Jarquez Hunter,RB,LA,11,,,314,411,278,302,345,-4,252.67,-92.33,--
10,Tahj Brooks,RB,CIN,6,,,362,375,273,298,346,-4,256.89,-89.11,--
10,Kendrick Bourne,WR,ARI,14,,,304,350,,,347,-11,251.16,-95.84,--
10,Carson Beck,QB,ARI,14,,,352,303,,,348,29,238.26,-109.74,--
10,Zane Gonzalez,K,MIA,6,,,329,,,,349,1,259.91,-89.09,--
10,Eli Heidenreich,RB,PIT,9,,,311,408,274,,350,-18,265.36,-84.64,--
10,Jalen Royals,WR,KC,5,,,380,283,,,351,-13,220.22,-130.78,--
10,Chris Brazzell,WR,CAR,5,,,,410,254,,352,-93,266.10,-85.9,--
10,Kevin Coleman,WR,MIA,6,,,384,287,,,353,-22,230.99,-122.01,--
10,KaVontae Turpin,WR,DAL,14,,,333,340,,,354,-5,220.24,-133.76,--
10,Raheim Sanders,RB,CLE,11,,,369,,,307,355,1,221.70,-133.3,--
10,Colbie Young,WR,CIN,6,,,388,289,,,356,8,252.46,-103.54,--
10,Justin Fields,QB,KC,5,,,356,322,,,357,19,247.37,-109.63,--
10,Joshua Palmer,WR,BUF,7,,,383,296,,,358,-11,252.60,-105.4,--
10,Jared Wiley,TE,KC,5,,,341,,,,359,0,170.00,-189,--
10,Jaylin Lane,WR,WAS,7,,,336,351,,,360,-7,252.30,-107.7,--
10,Cole Kmet,TE,CHI,10,,,344,343,,,361,-9,257.05,-103.95,--
10,Odell Beckham,WR,NYG,8,,,,345,,,362,-11,247.91,-114.09,--
10,Nate Boerkircher,TE,JAC,7,,253,419,368,,,363,0,170.00,-193,--
10,Kareem Hunt,RB,,,,,366,392,283,,364,-2,251.46,-112.54,--
10,Cedric Tillman,WR,CLE,11,,,334,360,,,365,-7,220.36,-144.64,--
10,Noah Gray,TE,KC,5,,,335,361,,,366,-5,253.91,-112.09,--
10,Justin Joly,TE,DEN,10,,,340,356,,,367,-7,252.85,-114.15,--
10,Ty Simpson,QB,LA,11,,,360,338,,,368,27,250.16,-117.84,--
10,Tampa Bay Buccaneers,DST,TB,10,,,405,293,,,369,-14,251.61,-117.39,--
10,Julian Hill,TE,NE,11,,,349,,,,370,0,170.00,-200,--
10,Devontez Walker,WR,BAL,13,,,379,388,,281,371,-25,250.56,-120.44,--
10,Tez Johnson,WR,TB,10,,,376,324,,,372,24,253.91,-118.09,--
10,Indianapolis Colts,DST,IND,13,,,402,336,,312,373,-7,251.67,-121.33,--
10,Daniel Bellinger,TE,TEN,9,,,351,,,,374,-1,252.65,-121.35,--
10,Mac Jones,QB,SF,8,,,357,346,,,375,9,244.43,-130.57,--
10,Ben Sinnott,TE,WAS,7,,,338,365,,,376,-11,252.72,-123.28,--
10,Chicago Bears,DST,CHI,10,,,406,298,,,377,-20,222.04,-154.96,--
10,Marcus Mariota,QB,WAS,7,,,359,347,,,378,8,266.04,-111.96,--
10,J'Mari Taylor,RB,JAC,7,,,315,391,,,379,-10,279.48,-99.52,--
10,Marlin Klein,TE,HOU,8,,261,420,381,,,380,-6,193.00,-187,--
10,Will Reichard,K,MIN,6,,,430,320,,313,381,21,214.15,-166.85,--
10,Ja'Tavion Sanders,TE,CAR,5,,,348,363,,,382,-34,248.98,-133.02,--
10,Taylen Green,QB,CLE,11,,,354,358,,,383,-4,245.16,-137.84,--
10,Olamide Zaccheaus,WR,ATL,11,,,382,337,,,384,-9,251.79,-132.21,--
10,Tennessee Titans,DST,TEN,9,,,407,315,,,385,-14,264.41,-120.59,--
10,New York Giants,DST,NYG,8,,,403,319,,,386,-14,224.32,-161.68,--
10,Cade Klubnik,QB,NYJ,13,,,355,369,,,387,-6,250.83,-136.17,--
10,Calvin Austin,WR,NYG,8,,,377,349,,,388,-8,253.42,-134.58,--
10,Tyler Higbee,TE,LA,11,,,345,382,,,389,-4,254.44,-134.56,--
10,Jalen Tolbert,WR,MIA,6,,,400,329,,,390,-12,243.03,-146.97,--
10,Konata Mumpfield,WR,LA,11,,,320,412,,,391,-3,219.76,-171.24,--
10,Jonnu Smith,TE,,,,,422,312,,,392,-9,266.01,-125.99,--
10,Ashton Dulin,WR,IND,13,,,,367,,,393,-11,233.36,-159.64,--
10,Roman Hemby,RB,LV,13,,,363,373,,,394,-5,349.75,-44.25,--
10,Anthony Richardson,QB,IND,13,,,358,378,,,395,-5,253.38,-141.62,--
10,Xavier Hutchinson,WR,HOU,8,,,390,401,,314,396,26,219.93,-176.07,--
10,Will Kacmarek,TE,MIA,6,,,417,323,,,397,17,170.00,-227,--
10,Dont'e Thornton,WR,LV,13,,,378,362,,,398,-5,252.33,-145.67,--
10,Dameon Pierce,RB,PHI,10,,,370,,,,399,-1,170.00,-229,--
10,Terrell Jennings,RB,NE,11,,,371,,,,400,0,170.00,-230,--
10,Jam Miller,RB,NE,11,,,372,,,,401,2,221.72,-179.28,--
10,Savion Williams,WR,GB,11,,,397,348,,,402,-11,220.16,-181.84,--
10,Las Vegas Raiders,DST,LV,13,,,412,333,,,403,-16,266.84,-136.16,--
10,New York Jets,DST,NYJ,13,,,413,334,,,404,-12,269.18,-134.82,--
10,Austin Hooper,TE,ATL,11,,,350,399,,,405,-6,252.21,-152.79,--
10,Michael Trigg,TE,DAL,14,,,346,404,,,406,-5,230.96,-175.04,--
10,Emmanuel Henderson,WR,SEA,11,,,375,,,,407,0,170.00,-237,--
10,Dallas Cowboys,DST,DAL,14,,,408,344,,,408,-11,226.72,-181.28,--
10,Jawhar Jordan,RB,HOU,8,,,365,389,,,409,-15,252.41,-156.59,--
10,Miami Dolphins,DST,MIA,6,,,404,355,,,410,-6,273.16,-136.84,--
10,Washington Commanders,DST,WAS,7,,,409,354,,,411,-6,264.04,-146.96,--
10,Jahan Dotson,WR,ATL,11,,,393,371,,,412,-4,250.26,-161.74,--
10,Cincinnati Bengals,DST,CIN,6,,,411,353,,,413,-7,257.34,-155.66,--
10,Arizona Cardinals,DST,ARI,14,,,410,357,,,414,-5,240.65,-173.35,--
10,Zonovan Knight,RB,ARI,14,,,364,409,,,415,-4,221.86,-193.14,--
10,Van Jefferson,WR,WAS,7,,,,387,,,416,-6,170.00,-246,--
10,Kalif Raymond,WR,CHI,10,,,387,,,,417,-1,252.34,-164.66,--
10,Austin Ekeler,RB,,,,,368,406,,,418,-5,265.49,-152.51,--
10,John Metchie,WR,CAR,5,,,381,395,,,419,-7,246.44,-172.56,--
10,Isaiah Hodgins,WR,NYG,8,,,389,,,,420,-1,221.52,-198.48,--
10,Eric McAlister,WR,,,,,,394,,,421,-6,,,--
10,DeAndre Hopkins,WR,,,,,395,,,,422,-1,170.00,-252,--
10,Tutu Atwell,WR,MIA,6,,,398,393,,,423,-3,253.27,-169.73,--
10,Brandin Cooks,WR,,,,,,396,,,424,-7,170.00,-254,--
10,Le'Veon Moss,RB,MIA,6,,,,397,,,425,-7,,,--
10,KeAndre Lambert-Smith,WR,LAC,7,,,396,398,,,426,-2,219.76,-206.24,--
10,Treylon Burks,WR,WAS,7,,,399,,,,427,2,252.99,-174.01,--
10,Tanner Koziol,TE,JAC,7,,,,400,,,428,-5,193.00,-235,--
10,Reggie Virgil,WR,ARI,14,,,386,417,,,429,-2,193.00,-236,--
10,Kendrick Law,WR,DET,6,,,385,418,,,430,-2,170.00,-260,--
10,Efton Chism,WR,NE,11,,,,403,,,431,-5,219.88,-211.12,--
10,Kaden Wetjen,WR,PIT,9,,,394,416,,,432,-2,170.00,-262,--
10,CJ Daniels,WR,LA,11,,,401,419,,,433,-1,251.90,-181.1,--
10,Noah Fant,TE,NO,8,,,426,402,,,434,2,219.90,-214.1,--
10,Nick Westbrook-Ikhine,WR,IND,13,,,,414,,,435,-4,220.29,-214.71,--
10,Foster Moreau,TE,HOU,8,,,414,,,,436,1,170.00,-266,--
10,Sam Roush,TE,CHI,10,,,416,413,,,437,-3,219.73,-217.27,--
10,Luke Musgrave,TE,GB,11,,,415,,,,438,0,219.87,-218.13,--
10,Caullin Lacy,WR,NYJ,13,,,,415,,,439,-6,,,--
10,John Bates,TE,WAS,7,,,418,,,,440,-1,170.00,-270,--
10,Dillon Bell,WR,MIN,6,,,,420,,,441,-6,,,--
10,Elijah Higgins,TE,ARI,14,,,421,,,,442,-2,219.88,-222.12,--
10,Zach Ertz,TE,,,,,423,,,,443,-2,264.45,-178.55,--
10,Thomas Fidone,TE,NYG,8,,,424,,,,444,-2,170.00,-274,--
10,Taysom Hill,TE,,,,,425,,,,445,-2,252.34,-192.66,--
10,Matthew Hibner,TE,BAL,13,,,427,,,,446,-2,170.00,-276,--
10,Tommy Tremble,TE,CAR,5,,,428,,,,447,-2,220.25,-226.75,--
10,Chad Ryland,K,ARI,14,,,429,,,,448,-2,289.88,-158.12,--
10,Jake Elliott,K,PHI,10,,,431,,,,449,-2,222.21,-226.79,--
10,Brandon McManus,K,,,,,432,,,,450,-2,170.00,-280,--
10,Blake Grupe,K,IND,13,,,433,,,,451,-2,258.40,-192.6,--
10,Ryan Fitzgerald,K,CAR,5,,,434,,,,452,-2,288.79,-163.21,--
10,Daniel Carlson,K,,,,,435,,,,453,-2,170.00,-283,--
10,Nick Folk,K,ATL,11,,,436,,,,454,-2,233.56,-220.44,--
10,Tyler Bass,K,BUF,7,,,437,,,,455,-2,243.81,-211.19,--
10,Joey Slye,K,TEN,9,,,438,,,,456,-2,290.18,-165.82,--
10,Trey Smack,K,GB,11,,,439,,,,457,-2,290.69,-166.31,--